"Time [s]","I Strom (AVG) [A]","I Strom (RMS) [A]","I Strom (MIN) [A]","I Strom (MAX) [A]","I Strom [A]","U Spannung (AVG) [V]","U Spannung (RMS) [V]","U Spannung (MIN) [V]","U Spannung (MAX) [V]","U Spannung [V]"
4.024150000,,,,,0.000262260453,,,,,-0.058689120930
4.024200000,,,,,0.023293496567,,,,,-0.056002143383
4.024250000,,,,,-0.060594085490,,,,,-0.051102641291
4.024300000,,,,,-0.031054021779,,,,,-0.045301916915
4.024350000,,,,,0.019848347893,,,,,-0.038840773037
4.024400000,,,,,-0.002694130104,,,,,-0.031797887790
4.024450000,,,,,-0.027155877778,,,,,-0.025851728073
4.024500000,,,,,0.000512599976,,,,,-0.019862653009
4.024550000,,,,,-0.006222725285,,,,,-0.014233590021
4.024600000,,,,,0.009000301898,,,,,-0.009517670245
4.024650000,,,,,0.043892863029,,,,,-0.005338192304
4.024700000,,,,,0.069284443217,,,,,-0.003011226834
4.024750000,,,,,0.020992757141,,,,,-0.002708435220
4.024800000,,,,,-0.015306473691,,,,,-0.004050731900
4.024850000,,,,,-0.001728534802,,,,,-0.007398128950
4.024900000,,,,,-0.006711483402,,,,,-0.012786389159
4.024950000,,,,,-0.053787234651,,,,,-0.018525124700
4.025000000,,,,,-0.079846386900,,,,,-0.025899411792
4.025050000,,,,,-0.017714501483,,,,,-0.033507349104
4.025100000,,,,,0.013720990045,,,,,-0.041823389639
4.025150000,,,,,-0.027954580066,,,,,-0.051302912909
4.025200000,,,,,-0.103569036935,,,,,-0.060548785958
4.025250000,,,,,-0.137472160904,,,,,-0.069627765991
4.025300000,,,,,-0.079941754338,,,,,-0.078697209281
4.025350000,,,,,-0.039911272520,,,,,-0.087852483264
4.025400000,,,,,0.005865097395,,,,,-0.096187597286
4.025450000,,,,,-0.044476988582,,,,,-0.103504663915
4.025500000,,,,,-0.123846538296,,,,,-0.109930045004
4.025550000,,,,,-0.087213521434,,,,,-0.116746432587
4.025600000,,,,,-0.066471103816,,,,,-0.122501857430
4.025650000,,,,,-0.065541271302,,,,,-0.126981742798
4.025700000,,,,,-0.068295006054,,,,,-0.131127842136
4.025750000,,,,,-0.039064886514,,,,,-0.133306988079
4.025800000,,,,,-0.080764298485,,,,,-0.133876808517
4.025850000,,,,,-0.025331975539,,,,,-0.134348877332
4.025900000,,,,,-0.044107439763,,,,,-0.133180626224
4.025950000,,,,,-0.029683114867,,,,,-0.131094463533
4.026000000,,,,,-0.035583975052,,,,,-0.129804618943
4.026050000,,,,,-0.070166592012,,,,,-0.126893527919
4.026100000,,,,,-0.037515165658,,,,,-0.123543746683
4.026150000,,,,,-0.099062925521,,,,,-0.119481093853
4.026200000,,,,,-0.051176551055,,,,,-0.115396983349
4.026250000,,,,,-0.036156179676,,,,,-0.111186510991
4.026300000,,,,,-0.039219858600,,,,,-0.106966501890
4.026350000,,,,,-0.022506715209,,,,,-0.103263861135
4.026400000,,,,,-0.032544137987,,,,,-0.099992758035
4.026450000,,,,,-0.059843066921,,,,,-0.096378332161
4.026500000,,,,,-0.083112721629,,,,,-0.091769700752
4.026550000,,,,,-0.053322318394,,,,,-0.086133485206
4.026600000,,,,,-0.055980685710,,,,,-0.078353886506
4.026650000,,,,,-0.017237664296,,,,,-0.069155697176
4.026700000,,,,,-0.052392485880,,,,,-0.059227946951
4.026750000,,,,,-0.055980685710,,,,,-0.049037936272
4.026800000,,,,,-0.049638751128,,,,,-0.038893225127
4.026850000,,,,,-0.055408481086,,,,,-0.028553010735
4.026900000,,,,,-0.015306473691,,,,,-0.017957688448
4.026950000,,,,,0.011396408760,,,,,-0.007112026639
4.027000000,,,,,-0.026965142904,,,,,0.002017021299
4.027050000,,,,,-0.041615965463,,,,,0.010006428361
4.027100000,,,,,-0.037348272642,,,,,0.017523766608
4.027150000,,,,,-0.048267844216,,,,,0.022900105888
4.027200000,,,,,-0.048708918614,,,,,0.026087762480
4.027250000,,,,,-0.017273427085,,,,,0.027444364276
4.027300000,,,,,-0.035667421560,,,,,0.027611257292
4.027350000,,,,,-0.084960465727,,,,,0.025811196912
4.027400000,,,,,-0.087702279550,,,,,0.022778512405
4.027450000,,,,,-0.006365776441,,,,,0.018284321921
4.027500000,,,,,-0.016939641055,,,,,0.012929440315
4.027550000,,,,,0.001716613872,,,,,0.006992817342
4.027600000,,,,,0.063705448133,,,,,-0.000193119061
4.027650000,,,,,-0.018882752590,,,,,-0.007791519629
4.027700000,,,,,-0.047349932632,,,,,-0.015752316460
4.027750000,,,,,-0.035560133193,,,,,-0.023205281687
4.027800000,,,,,0.002670288245,,,,,-0.030739309236
4.027850000,,,,,-0.001883506887,,,,,-0.039052965585
4.027900000,,,,,-0.019788743245,,,,,-0.047008994043
4.027950000,,,,,-0.073254112795,,,,,-0.054407122994
4.028000000,,,,,-0.018167496810,,,,,-0.062682632368
4.028050000,,,,,-0.007820129861,,,,,-0.070326332469
4.028100000,,,,,-0.031852724067,,,,,-0.075869564764
4.028150000,,,,,-0.011670590143,,,,,-0.079538826915
4.028200000,,,,,0.006747246191,,,,,-0.081563000772
4.028250000,,,,,0.042033198001,,,,,-0.081093316143
4.028300000,,,,,0.011813641299,,,,,-0.079236035301
4.028350000,,,,,0.013303757507,,,,,-0.075044636431
4.028400000,,,,,0.004553795132,,,,,-0.068798069286
4.028450000,,,,,0.010323525090,,,,,-0.061259273366
4.028500000,,,,,0.037193300557,,,,,-0.051670077543
4.028550000,,,,,-0.028347970745,,,,,-0.041372778498
4.028600000,,,,,-0.003373623095,,,,,-0.030329229255
4.028650000,,,,,0.058054927472,,,,,-0.018241406574
4.028700000,,,,,-0.026738645240,,,,,-0.006489754110
4.028750000,,,,,0.006806850839,,,,,0.004491806298
4.028800000,,,,,0.038146974930,,,,,0.015478135078
4.028850000,,,,,0.007200241518,,,,,0.025818349470
4.028900000,,,,,-0.033771993743,,,,,0.035476686685
4.028950000,,,,,-0.039434435334,,,,,0.043416025842
4.029000000,,,,,-0.024056436065,,,,,0.050859454325
4.029050000,,,,,0.012493134290,,,,,0.057864192597
4.029100000,,,,,-0.007188320588,,,,,0.064907077843
4.029150000,,,,,-0.006985664784,,,,,0.069892410630
4.029200000,,,,,0.002837181260,,,,,0.074269776003
4.029250000,,,,,-0.002360344074,,,,,0.077176098655
4.029300000,,,,,0.060021880866,,,,,0.079576973890
4.029350000,,,,,0.049710276706,,,,,0.080881123595
4.029400000,,,,,-0.008988380968,,,,,0.081622605421
4.029450000,,,,,-0.047123434968,,,,,0.082154278884
4.029500000,,,,,-0.018143654951,,,,,0.081791882622
4.029550000,,,,,0.031089784568,,,,,0.080513958962
4.029600000,,,,,0.042784216570,,,,,0.078542237195
4.029650000,,,,,0.057160857747,,,,,0.075645451286
4.029700000,,,,,-0.002944469627,,,,,0.072448257950
4.029750000,,,,,-0.036144258746,,,,,0.068168644200
4.029800000,,,,,-0.049006941855,,,,,0.063049797001
4.029850000,,,,,-0.029397012555,,,,,0.057711604697
4.029900000,,,,,0.004458427695,,,,,0.051925185438
4.029950000,,,,,0.012922287758,,,,,0.045528414579
4.030000000,,,,,0.061333183130,,,,,0.038502218634
4.030050000,,,,,-0.012362004063,,,,,0.030791761326
4.030100000,,,,,-0.027167798708,,,,,0.023171903084
4.030150000,,,,,-0.048685076754,,,,,0.014233590021
4.030200000,,,,,-0.064408782983,,,,,0.005199909520
4.030250000,,,,,-0.045681002479,,,,,-0.003974437951
4.030300000,,,,,-0.020110608346,,,,,-0.012700558466
4.030350000,,,,,-0.032258035675,,,,,-0.020213128341
4.030400000,,,,,-0.057971480964,,,,,-0.027644635895
4.030450000,,,,,-0.031626226403,,,,,-0.033209325862
4.030500000,,,,,0.009202957702,,,,,-0.037500860542
4.030550000,,,,,-0.036573412214,,,,,-0.041081907814
4.030600000,,,,,0.037443640080,,,,,-0.043368342124
4.030650000,,,,,0.068044666531,,,,,-0.043902399773
4.030700000,,,,,0.007820129861,,,,,-0.042774679826
4.030750000,,,,,0.004982948600,,,,,-0.039613249279
4.030800000,,,,,-0.043785574662,,,,,-0.036120416887
4.030850000,,,,,-0.007998943806,,,,,-0.031490327805
4.030900000,,,,,0.000619888343,,,,,-0.025999547601
4.030950000,,,,,-0.002205371988,,,,,-0.020229817643
4.031000000,,,,,0.021302701312,,,,,-0.014131070026
4.031050000,,,,,0.082945828613,,,,,-0.007727146609
4.031100000,,,,,0.019407273496,,,,,-0.001153945992
4.031150000,,,,,0.047063830320,,,,,0.005581379269
4.031200000,,,,,-0.034105779773,,,,,0.011556149218
4.031250000,,,,,-0.008070469384,,,,,0.016636849441
4.031300000,,,,,0.007367134533,,,,,0.020372868799
4.031350000,,,,,0.057482722848,,,,,0.022890569144
4.031400000,,,,,0.042331221243,,,,,0.023422242607
4.031450000,,,,,0.029909612531,,,,,0.023136140295
4.031500000,,,,,0.045609476901,,,,,0.020494462281
4.031550000,,,,,0.014030934216,,,,,0.017101765698
4.031600000,,,,,0.062918666775,,,,,0.013074875657
4.031650000,,,,,0.056278708951,,,,,0.008141994962
4.031700000,,,,,0.067341331681,,,,,0.001177787851
4.031750000,,,,,0.102007395149,,,,,-0.006542206200
4.031800000,,,,,0.048649313965,,,,,-0.010085106497
4.031850000,,,,,0.113618380643,,,,,-0.015356541595
4.031900000,,,,,0.049567225550,,,,,-0.023403169120
4.031950000,,,,,0.061345104059,,,,,-0.032753946349
4.032000000,,,,,0.071334843119,,,,,-0.039401056731
4.032050000,,,,,0.023734570964,,,,,-0.043725970013
4.032100000,,,,,0.041735174759,,,,,-0.052700045866
4.032150000,0.060855515301,0.085197523236,-0.141775616513,0.321054477755,0.044107439763,0.000076065662,0.066123083234,-0.140025624038,0.151772508131,-0.057640079119
4.032200000,,,,,0.045144560644,,,,,-0.060873035245
4.032250000,,,,,0.066936020072,,,,,-0.066571239625
4.032300000,,,,,0.016474724798,,,,,-0.068833832075
4.032350000,,,,,0.025212766243,,,,,-0.071494583577
4.032400000,,,,,-0.056600574052,,,,,-0.073454384414
4.032450000,,,,,0.019276143269,,,,,-0.074653629938
4.032500000,,,,,0.034821035553,,,,,-0.075473789899
4.032550000,,,,,0.045418742026,,,,,-0.075151924798
4.032600000,,,,,0.050437453415,,,,,-0.075430874552
4.032650000,,,,,0.089848046890,,,,,-0.074849133185
4.032700000,,,,,0.131535537930,,,,,-0.073482994645
4.032750000,,,,,0.117504603714,,,,,-0.071759228215
4.032800000,,,,,0.040948393401,,,,,-0.069563392971
4.032850000,,,,,0.045514109463,,,,,-0.066914562399
4.032900000,,,,,0.048315527935,,,,,-0.065093044346
4.032950000,,,,,0.046420100118,,,,,-0.062563423071
4.033000000,,,,,0.028967859087,,,,,-0.059099200910
4.033050000,,,,,0.074684624355,,,,,-0.056014064313
4.033100000,,,,,0.034058096055,,,,,-0.043146612832
4.033150000,,,,,1.250207498682,,,,,5.236180140744
4.033200000,,,,,6.560564432178,,,,,18.686443488982
4.033250000,,,,,6.430280591862,,,,,19.989842175832
4.033300000,,,,,5.702460152057,,,,,19.999960660932
4.033350000,,,,,5.461061326329,,,,,19.997493028491
4.033400000,,,,,5.441665973763,,,,,19.999440908399
4.033450000,,,,,5.560362670443,,,,,19.999216794921
4.033500000,,,,,5.852055898431,,,,,19.999214410735
4.033550000,,,,,6.246769800590,,,,,19.999223947479
4.033600000,,,,,6.771874831431,,,,,19.999221563293
4.033650000,,,,,7.257020906032,,,,,19.999221563293
4.033700000,,,,,7.779753671870,,,,,19.983063935224
4.033750000,,,,,8.356702825827,,,,,19.765118346519
4.033800000,,,,,8.954859313658,,,,,19.387525283547
4.033850000,,,,,9.495342343768,,,,,19.002126395829
4.033900000,,,,,10.054898861343,,,,,18.645523705812
4.033950000,,,,,10.689199607921,,,,,18.481696753603
4.034000000,,,,,11.242676451366,,,,,18.265260354594
4.034050000,,,,,11.850417366649,,,,,17.922328586717
4.034100000,,,,,12.431109692520,,,,,17.577510927767
4.034150000,,,,,12.891794019448,,,,,17.271069125597
4.034200000,,,,,13.475752680049,,,,,17.003277361588
4.034250000,,,,,14.032483937292,,,,,16.759456202951
4.034300000,,,,,14.556742582127,,,,,16.525691540580
4.034350000,,,,,15.060819093038,,,,,16.293800848353
4.034400000,,,,,15.583003496111,,,,,16.059061053935
4.034450000,,,,,16.101265913324,,,,,15.820141781577
4.034500000,,,,,16.654301682371,,,,,15.577481721490
4.034550000,,,,,17.106009549261,,,,,15.334456880954
4.034600000,,,,,17.594374274872,,,,,15.094290679353
4.034650000,,,,,17.945314523298,,,,,14.860745362088
4.034700000,,,,,18.416227007879,,,,,14.635382570945
4.034750000,,,,,18.871976069926,,,,,14.419232274248
4.034800000,,,,,19.311405379260,,,,,14.211955917594
4.034850000,,,,,19.731951936004,,,,,14.012180209886
4.034900000,,,,,20.170618305839,,,,,13.817544807049
4.034950000,,,,,20.470644263664,,,,,13.626998283088
4.035000000,,,,,20.862592510139,,,,,13.439670410137
4.035050000,,,,,21.305443126288,,,,,13.254767254279
4.035100000,,,,,21.685744624480,,,,,13.072551075968
4.035150000,,,,,21.983958600995,,,,,12.893224531008
4.035200000,,,,,22.239114179558,,,,,12.717185778450
4.035250000,,,,,22.689653795341,,,,,12.546685489815
4.035300000,,,,,23.087765162454,,,,,12.382190965545
4.035350000,,,,,23.388112985379,,,,,12.224009765626
4.035400000,,,,,23.719312174279,,,,,12.069199804616
4.035450000,,,,,24.042071344976,,,,,11.916733498379
4.035500000,,,,,24.342776795791,,,,,11.766260371581
4.035550000,,,,,24.602819955517,,,,,11.617451406565
4.035600000,,,,,24.969865379922,,,,,11.470721451683
4.035650000,,,,,25.270260886565,,,,,11.326454360870
4.035700000,,,,,25.493349164328,,,,,11.185286711770
4.035750000,,,,,25.785066234175,,,,,11.047230425312
4.035800000,,,,,26.043702724201,,,,,10.912762338684
4.035850000,,,,,26.291371958934,,,,,10.782051729086
4.035900000,,,,,26.552559527907,,,,,10.654342809578
4.035950000,,,,,26.834704091233,,,,,10.529761942015
4.036000000,,,,,27.091480916231,,,,,10.408023024084
4.036050000,,,,,27.280952172336,,,,,10.288658755342
4.036100000,,,,,27.552916261728,,,,,10.171802650201
4.036150000,,,,,27.759553656551,,,,,10.057161453793
4.036200000,,,,,27.972330330153,,,,,9.944720861001
4.036250000,,,,,28.236593498981,,,,,9.834275831835
4.036300000,,,,,28.493990212321,,,,,9.726255519763
4.036350000,,,,,28.616811550666,,,,,9.620516873629
4.036400000,,,,,28.914107615597,,,,,9.517028899016
4.036450000,,,,,29.115297145563,,,,,9.415672386627
4.036500000,,,,,29.322256405488,,,,,9.316618997849
4.036550000,,,,,29.532243581548,,,,,9.218781543897
4.036600000,,,,,29.787816392649,,,,,9.123142309376
4.036650000,,,,,29.958547947320,,,,,9.029200615239
4.036700000,,,,,30.095793610561,,,,,8.936822947074
4.036750000,,,,,30.235280408578,,,,,8.846011689068
4.036800000,,,,,30.386652373472,,,,,8.756959960279
4.036850000,,,,,30.625440515604,,,,,8.670402089977
4.036900000,,,,,30.824675013106,,,,,8.585310494024
4.036950000,,,,,31.002046525600,,,,,8.501194030118
4.037000000,,,,,31.138874956302,,,,,8.418908621008
4.037050000,,,,,31.292786079215,,,,,8.339117070384
4.037100000,,,,,31.460740057274,,,,,8.260481849938
4.037150000,,,,,31.562592480337,,,,,8.183374892674
4.037200000,,,,,31.765939698573,,,,,8.108299261826
4.037250000,,,,,31.906797403502,,,,,8.034604074633
4.037300000,,,,,32.077874665134,,,,,7.961884019487
4.037350000,,,,,32.162096033221,,,,,7.890789979147
4.037400000,,,,,32.273056046549,,,,,7.821641434529
4.037450000,,,,,32.412077928309,,,,,7.753327354987
4.037500000,,,,,32.600929296072,,,,,7.686467628865
4.037550000,,,,,32.684876482777,,,,,7.621198154759
4.037600000,,,,,32.837857773176,,,,,7.556922886188
4.037650000,,,,,32.979025422277,,,,,7.494276016609
4.037700000,,,,,33.176245282665,,,,,7.432373013042
4.037750000,,,,,33.290805416751,,,,,7.371828995456
4.037800000,,,,,33.437087144678,,,,,7.312417466189
4.037850000,,,,,33.494522183807,,,,,7.254639104285
4.037900000,,,,,33.626021958948,,,,,7.198055219534
4.037950000,,,,,33.749940022823,,,,,7.141893335694
4.038000000,,,,,33.857586017703,,,,,7.087457602469
4.038050000,,,,,33.983375667535,,,,,7.034228267326
4.038100000,,,,,33.995546936723,,,,,6.981347023329
4.038150000,,,,,34.108175880204,,,,,6.928945000705
4.038200000,,,,,34.224714888615,,,,,6.878137998470
4.038250000,,,,,34.336306711215,,,,,6.828108240849
4.038300000,,,,,34.413756991253,,,,,6.779101298994
4.038350000,,,,,34.535505445928,,,,,6.730699940366
4.038400000,,,,,34.653629937984,,,,,6.682260434762
4.038450000,,,,,34.777226136757,,,,,6.635477938383
4.038500000,,,,,34.846641710200,,,,,6.588898097807
4.038550000,,,,,34.960069355969,,,,,6.543264779047
4.038600000,,,,,35.098578637754,,,,,6.498577982103
4.038650000,,,,,35.123374171458,,,,,6.455040362778
4.038700000,,,,,35.167708108885,,,,,6.411748314604
4.038750000,,,,,35.302080828075,,,,,6.369328878482
4.038800000,,,,,35.441150393555,,,,,6.327202697230
4.038850000,,,,,35.528268547551,,,,,6.286683457296
4.038900000,,,,,35.543479653804,,,,,6.247072592203
4.038950000,,,,,35.673024396481,,,,,6.207194698286
4.039000000,,,,,35.743489011734,,,,,6.168294320601
4.039050000,,,,,35.791816460598,,,,,6.130535967978
4.039100000,,,,,35.854866257600,,,,,6.092996960461
4.039150000,,,,,35.960795638609,,,,,6.056282881277
4.039200000,,,,,36.003257990078,,,,,6.020534397396
4.039250000,,,,,36.145498522848,,,,,5.984969495831
4.039300000,,,,,36.183955441949,,,,,5.950029250981
4.039350000,,,,,36.252023950340,,,,,5.916066522364
4.039400000,,,,,36.325623770095,,,,,5.882468574194
4.039450000,,,,,36.414029384496,,,,,5.849743238076
4.039500000,,,,,36.498560696754,,,,,5.817482818215
4.039550000,,,,,36.518981249272,,,,,5.785613404847
4.039600000,,,,,36.546542438659,,,,,5.754604682601
4.039650000,,,,,36.611225403024,,,,,5.724158628235
4.039700000,,,,,36.676277916210,,,,,5.694461208252
4.039750000,,,,,36.800708580059,,,,,5.665276388244
4.039800000,,,,,36.852576545034,,,,,5.636835434248
4.039850000,,,,,36.924829299738,,,,,5.608861780695
4.039900000,,,,,36.942424591924,,,,,5.581806038726
4.039950000,,,,,36.980976878463,,,,,5.555067393486
4.040000000,,,,,37.008776486443,,,,,5.529027314724
4.040050000,,,,,37.062384907149,,,,,5.503867000572
4.040100000,,,,,37.188401054645,,,,,5.479023783149
4.040150000,,,,,37.283828096618,,,,,5.454910126621
4.040200000,,,,,37.307503062934,,,,,5.431456889597
4.040250000,,,,,37.402906263048,,,,,5.408311212558
4.040300000,,,,,37.437870349757,,,,,5.386038147571
4.040350000,,,,,37.525048108402,,,,,5.364075026755
4.040400000,,,,,37.447228279545,,,,,5.342090448266
4.040450000,,,,,37.557568404530,,,,,5.320754368350
4.040500000,,,,,37.633755066023,,,,,5.300300437230
4.040550000,,,,,37.644173958550,,,,,5.279712991697
4.040600000,,,,,37.709154946158,,,,,5.259526089402
4.040650000,,,,,37.755920753236,,,,,5.239620521046
4.040700000,,,,,37.807454932180,,,,,5.220051122907
4.040750000,,,,,37.852098813778,,,,,5.200968098698
4.040800000,,,,,37.879016272963,,,,,5.181918453092
4.040850000,,,,,37.924244280114,,,,,5.163271734910
4.040900000,,,,,37.900533551010,,,,,5.145132848330
4.040950000,,,,,37.972798226643,,,,,5.126967735706
4.041000000,,,,,38.022687317293,,,,,5.108969516097
4.041050000,,,,,38.043191316318,,,,,5.091233556940
4.041100000,,,,,38.131263144688,,,,,5.073986355900
4.041150000,,,,,38.099601155496,,,,,5.056546035799
4.041200000,,,,,38.168837914994,,,,,5.040047469142
4.041250000,,,,,38.163664231519,,,,,5.023687185269
4.041300000,,,,,38.236942186173,,,,,5.007391274416
4.041350000,,,,,38.260283366459,,,,,4.991488754242
4.041400000,,,,,38.375785253989,,,,,4.975734053596
4.041450000,,,,,38.384773634957,,,,,4.960649309197
4.041500000,,,,,38.386800193000,,,,,4.945710000140
4.041550000,,,,,38.414623642839,,,,,4.931171234320
4.041600000,,,,,38.441934492703,,,,,4.916763598726
4.041650000,,,,,38.443710711224,,,,,4.902797037530
4.041700000,,,,,38.516881377511,,,,,4.888897233540
4.041750000,,,,,38.569559965703,,,,,4.875328831394
4.041800000,,,,,38.607098973221,,,,,4.861934474822
4.041850000,,,,,38.637020506681,,,,,4.848633101501
4.041900000,,,,,38.627507604808,,,,,4.835892011874
4.041950000,,,,,38.629152693102,,,,,4.823141385504
4.042000000,,,,,38.614871419363,,,,,4.810920048411
4.042050000,,,,,38.684608857906,,,,,4.798753547594
4.042100000,,,,,38.731946869609,,,,,4.787090110009
4.042150000,,,,,38.737716599567,,,,,4.775495813817
4.042200000,,,,,38.733389302098,,,,,4.763875291578
4.042250000,,,,,38.786115574009,,,,,4.752881810241
4.042300000,,,,,38.810672689120,,,,,4.742074295406
4.042350000,,,,,38.796605992115,,,,,4.731183334063
4.042400000,,,,,38.860609463490,,,,,4.721181674074
4.042450000,,,,,38.880112104423,,,,,4.710765165732
4.042500000,,,,,38.914670879523,,,,,4.700665754120
4.042550000,,,,,38.908042842629,,,,,4.691250603870
4.042600000,,,,,38.943614896751,,,,,4.681628029444
4.042650000,,,,,38.972618518628,,,,,4.672146121987
4.042700000,,,,,38.943567213033,,,,,4.662945548472
4.042750000,,,,,38.907244140342,,,,,4.653957167504
4.042800000,,,,,38.980808197308,,,,,4.645245352104
4.042850000,,,,,39.040234031691,,,,,4.636409559036
4.042900000,,,,,39.045276584940,,,,,4.628026761295
4.042950000,,,,,39.043297710615,,,,,4.619577206348
4.043000000,,,,,39.041414203728,,,,,4.611256397441
4.043050000,,,,,39.059188309860,,,,,4.603061950389
4.043100000,,,,,39.043953361747,,,,,4.595129763790
4.043150000,,,,,39.094235843076,,,,,4.586847101858
4.043200000,,,,,39.109065479580,,,,,4.578821932007
4.043250000,,,,,39.172961662588,,,,,4.570794377970
4.043300000,,,,,39.201154661247,,,,,4.562924180205
4.043350000,,,,,39.133765645848,,,,,4.555342468938
4.043400000,,,,,39.242496445328,,,,,4.547510418147
4.043450000,,,,,39.186193894517,,,,,4.539535316201
4.043500000,,,,,39.194276284830,,,,,4.531362326822
4.043550000,,,,,39.151384779893,,,,,4.523628027655
4.043600000,,,,,39.212241125836,,,,,4.515598089433
4.043650000,,,,,39.271511988134,,,,,4.507565767024
4.043700000,,,,,39.345672091584,,,,,4.500034123661
4.043750000,,,,,39.310970265327,,,,,4.492144852408
4.043800000,,,,,39.316704232496,,,,,4.484744339272
4.043850000,,,,,39.341714342935,,,,,4.477207927537
4.043900000,,,,,39.381601773596,,,,,4.469728736265
4.043950000,,,,,39.371790848481,,,,,4.462681082647
4.044000000,,,,,39.343085249846,,,,,4.455514219732
4.044050000,,,,,39.321341474136,,,,,4.448747900054
4.044100000,,,,,39.356377086423,,,,,4.441802766431
4.044150000,,,,,39.391627275445,,,,,4.435203339768
4.044200000,,,,,39.445223775221,,,,,4.428973461924
4.044250000,,,,,39.469327895005,,,,,4.422483707814
4.044300000,,,,,39.451875653975,,,,,4.416470790891
4.044350000,,,,,39.471735922798,,,,,4.410240913048
4.044400000,,,,,39.453687635284,,,,,4.404220843567
4.044450000,,,,,39.542462798504,,,,,4.397917055960
4.044500000,,,,,39.511206120921,,,,,4.391534590217
4.044550000,,,,,39.571502183169,,,,,4.385712408168
4.044600000,,,,,39.604630446710,,,,,4.379661344270
4.044650000,,,,,39.597001051724,,,,,4.373545907351
4.044700000,,,,,39.617814994920,,,,,4.367096684402
4.044750000,,,,,39.600505805046,,,,,4.360578320061
4.044800000,,,,,39.610149837145,,,,,4.354067108278
4.044850000,,,,,39.692821484376,,,,,4.347567817424
4.044900000,,,,,39.628019310714,,,,,4.340985080062
4.044950000,,,,,39.668323973913,,,,,4.334402342701
4.045000000,,,,,39.726903422290,,,,,4.327922125335
4.045050000,,,,,39.697673302750,,,,,4.321756620512
4.045100000,,,,,39.753367886148,,,,,4.315531511040
4.045150000,,,,,39.757885918491,,,,,4.309118050880
4.045200000,,,,,39.755191788387,,,,,4.302847641876
4.045250000,,,,,39.732243998780,,,,,4.296648758450
4.045300000,,,,,39.704658967534,,,,,4.290240066662
4.045350000,,,,,39.791324126203,,,,,4.284203307879
4.045400000,,,,,39.840950956401,,,,,4.277975814222
4.045450000,,,,,39.771797643411,,,,,4.272258536354
4.045500000,,,,,39.763274178700,,,,,4.266309992451
4.045550000,,,,,39.832200994027,,,,,4.260056272748
4.045600000,,,,,39.812304962415,,,,,4.253845468393
4.045650000,,,,,39.834442128804,,,,,4.247975602625
4.045700000,,,,,39.851226797773,,,,,4.242167725692
4.045750000,,,,,39.874579898988,,,,,4.236800923157
4.045800000,,,,,39.908053869489,,,,,4.231076492731
4.045850000,,,,,39.924612040795,,,,,4.225769294844
4.045900000,,,,,39.952435490634,,,,,4.220366729520
4.045950000,,,,,39.953758713827,,,,,4.214866412572
4.046000000,,,,,39.925065036122,,,,,4.209418547715
4.046050000,,,,,39.938797947097,,,,,4.204540503296
4.046100000,,,,,39.936604496038,,,,,4.199419271911
4.046150000,,,,,39.941349026045,,,,,4.194207441462
4.046200000,,,,,39.995589256024,,,,,4.189367544017
4.046250000,,,,,40.018799306083,,,,,4.184863816790
4.046300000,,,,,40.037837030759,,,,,4.179830800285
4.046350000,,,,,40.064694885295,,,,,4.175281773524
4.046400000,,,,,40.080811982203,,,,,4.170482407241
4.046450000,,,,,40.100910669619,,,,,4.166350613019
4.046500000,,,,,40.055074695055,,,,,4.162030468108
4.046550000,,,,,40.067245964244,,,,,4.158623466410
4.046600000,,,,,39.993646144488,,,,,4.155390510284
4.046650000,,,,,40.037741663321,,,,,4.152238616481
4.046700000,,,,,40.044679644387,,,,,4.149327525456
4.046750000,,,,,40.075733666166,,,,,4.146423586990
4.046800000,,,,,40.009632111170,,,,,4.143669852237
4.046850000,,,,,40.072002415180,,,,,4.141299971420
4.046900000,,,,,40.032961370525,,,,,4.138617762245
4.046950000,,,,,40.100445753363,,,,,4.136278875844
4.047000000,,,,,40.035417082037,,,,,4.133978136419
4.047050000,,,,,40.116527087481,,,,,4.131934889074
4.047100000,,,,,40.126302249807,,,,,4.129722364528
4.047150000,,,,,40.194633018651,,,,,4.127226121856
4.047200000,,,,,40.118565566454,,,,,4.124949224290
4.047250000,,,,,40.111567980741,,,,,4.122402913714
4.047300000,,,,,40.110983855187,,,,,4.119744546398
4.047350000,,,,,40.107145315835,,,,,4.116962201414
4.047400000,,,,,40.125372417293,,,,,4.114830739190
4.047450000,,,,,40.172114382512,,,,,4.112320191402
4.047500000,,,,,40.149226197554,,,,,4.109711891992
4.047550000,,,,,40.124514110357,,,,,4.106698280972
4.047600000,,,,,40.169193754744,,,,,4.104233032717
4.047650000,,,,,40.158977518021,,,,,4.101655727724
4.047700000,,,,,40.129997738004,,,,,4.098921066458
4.047750000,,,,,40.167000303686,,,,,4.096424823786
4.047800000,,,,,40.270128266223,,,,,4.093671089034
4.047850000,,,,,40.224518789322,,,,,4.090864902190
4.047900000,,,,,40.127434738125,,,,,4.088151698598
4.047950000,,,,,40.177085410183,,,,,4.085395579660
4.048000000,,,,,40.181353103003,,,,,4.082441573289
4.048050000,,,,,40.280869023852,,,,,4.079394583666
4.048100000,,,,,40.232613100565,,,,,4.076457266596
4.048150000,,,,,40.255811229695,,,,,4.073858503929
4.048200000,,,,,40.278437154200,,,,,4.071631674268
4.048250000,,,,,40.239920630450,,,,,4.069693331104
4.048300000,,,,,40.222909463817,,,,,4.067781213986
4.048350000,,,,,40.178217898501,,,,,4.065330270847
4.048400000,,,,,40.299775618301,,,,,4.063577894186
4.048450000,,,,,40.237607970095,,,,,4.062006715656
4.048500000,,,,,40.192797195482,,,,,4.060282949226
4.048550000,,,,,40.157344350657,,,,,4.058826211621
4.048600000,,,,,40.239670290927,,,,,4.057512525172
4.048650000,,,,,40.265276447849,,,,,4.055905583853
4.048700000,,,,,40.240671649019,,,,,4.055099729007
4.048750000,,,,,40.256502643615,,,,,4.053652528146
4.048800000,,,,,40.230526937874,,,,,4.052500966340
4.048850000,,,,,40.262093559628,,,,,4.051239731982
4.048900000,,,,,40.283539312097,,,,,4.050319436212
4.048950000,,,,,40.196230423226,,,,,4.048929455813
4.049000000,,,,,40.231683268051,,,,,4.048223736776
4.049050000,,,,,40.225329412540,,,,,4.048180821430
4.049100000,,,,,40.225389017188,,,,,4.047444107976
4.049150000,,,,,40.145030030312,,,,,4.046182873618
4.049200000,,,,,40.157463559953,,,,,4.045119526691
4.049250000,,,,,40.188624870099,,,,,4.044819119264
4.049300000,,,,,40.173079977815,,,,,4.044306519288
4.049350000,,,,,40.208616269148,,,,,4.043340923985
4.049400000,,,,,40.205647957662,,,,,4.043538811418
4.049450000,,,,,40.230884565764,,,,,4.042911770517
4.049500000,,,,,40.235724463208,,,,,4.042616131462
4.049550000,,,,,40.193595897770,,,,,4.042189362180
4.049600000,,,,,40.260841862013,,,,,4.041698219877
4.049650000,,,,,40.210678589981,,,,,4.040837528756
4.049700000,,,,,40.186479102759,,,,,4.040112736232
4.049750000,,,,,40.261247173622,,,,,4.039459469286
4.049800000,,,,,40.264096275812,,,,,4.038665535370
4.049850000,,,,,40.283288972574,,,,,4.037790539133
4.049900000,,,,,40.233030333104,,,,,4.036886932664
4.049950000,,,,,40.246369853399,,,,,4.035647155979
4.050000000,,,,,40.243151202390,,,,,4.034199955118
4.050050000,,,,,40.277876870506,,,,,4.032900573784
4.050100000,,,,,40.301992911219,,,,,4.031121971078
4.050150000,,,,,40.266945378002,,,,,4.029512645573
4.050200000,,,,,40.268578545366,,,,,4.027922393556
4.050250000,,,,,40.319254417375,,,,,4.026189090382
4.050300000,,,,,40.319969673155,,,,,4.023924113746
4.050350000,,,,,40.289738195523,,,,,4.022352935216
4.050400000,,,,,40.280833261063,,,,,4.020622016229
4.050450000,,,,,40.307345408639,,,,,4.019236804201
4.050500000,,,,,40.328993816912,,,,,4.017012358726
4.050550000,,,,,40.308847445777,,,,,4.015336276015
4.050600000,,,,,40.305175799440,,,,,4.013943911430
4.050650000,,,,,40.369691870790,,,,,4.012248755231
4.050700000,,,,,40.362145922312,,,,,4.010834932973
4.050750000,,,,,40.331497212142,,,,,4.009583235358
4.050800000,,,,,40.304269808785,,,,,4.008276701467
4.050850000,,,,,40.298023241641,,,,,4.006650686660
4.050900000,,,,,40.334584732925,,,,,4.005639791825
4.050950000,,,,,40.349402448499,,,,,4.004607439316
4.051000000,,,,,40.365698359352,,,,,4.003448724952
4.051050000,,,,,40.327396412337,,,,,4.002304315704
4.051100000,,,,,40.313520450206,,,,,4.000983476697
4.051150000,,,,,40.268518940718,,,,,4.000039339068
4.051200000,,,,,40.326144714722,,,,,3.999154806087
4.051250000,,,,,40.313019771160,,,,,3.997872114055
4.051300000,,,,,40.251936927553,,,,,3.996739625736
4.051350000,,,,,40.310325641055,,,,,3.995805024851
4.051400000,,,,,40.322008152128,,,,,3.994031190516
4.051450000,,,,,40.401294255334,,,,,3.992564916168
4.051500000,,,,,40.401425385560,,,,,3.990488290220
4.051550000,,,,,40.365781805860,,,,,3.989236592605
4.051600000,,,,,40.287163274715,,,,,3.988266228930
4.051650000,,,,,40.359320661981,,,,,3.986265896932
4.051700000,,,,,40.425338770469,,,,,3.985100030011
4.051750000,,,,,40.355219862176,,,,,3.983218907310
4.051800000,,,,,40.395143055626,,,,,3.981423615302
4.051850000,,,,,40.358128569015,,,,,3.979580639576
4.051900000,,,,,40.326252003089,,,,,3.977771042453
4.051950000,,,,,40.397241139247,,,,,3.975987671375
4.052000000,,,,,40.341832658162,,,,,3.974151848206
4.052050000,,,,,40.375235103085,,,,,3.972380398058
4.052100000,,,,,40.336718579335,,,,,3.970797298598
4.052150000,,,,,40.386762642071,,,,,3.968794582414
4.052200000,,,,,40.407338166674,,,,,3.967039821568
4.052250000,,,,,40.371277354436,,,,,3.965173003982
4.052300000,,,,,40.313758868799,,,,,3.963573215221
4.052350000,,,,,40.340032597782,,,,,3.961870906465
4.052400000,,,,,40.346994420707,,,,,3.959899184698
4.052450000,,,,,40.422108198530,,,,,3.958566424761
4.052500000,,,,,40.426864649467,,,,,3.957200286222
4.052550000,,,,,40.458383587502,,,,,3.956003424883
4.052600000,,,,,40.475573568080,,,,,3.954773184942
4.052650000,,,,,40.452542331966,,,,,3.953857657543
4.052700000,,,,,40.415766263948,,,,,3.952803847361
4.052750000,,,,,40.427138830849,,,,,3.951862093917
4.052800000,,,,,40.467014340580,,,,,3.950872656755
4.052850000,,,,,40.453901317948,,,,,3.949816462387
4.052900000,,,,,40.469779996263,,,,,3.948693510812
4.052950000,,,,,40.488841562798,,,,,3.947942492243
4.053000000,,,,,40.489234953477,,,,,3.947396513665
4.053050000,,,,,40.505888492220,,,,,3.946728941603
4.053100000,,,,,40.485134153672,,,,,3.946430918362
4.053150000,,,,,40.476610688961,,,,,3.946106669075
4.053200000,,,,,40.480341939947,,,,,3.945675131421
4.053250000,,,,,40.454354313275,,,,,3.945775267230
4.053300000,,,,,40.485432176914,,,,,3.945629831888
4.053350000,,,,,40.567519698591,,,,,3.945560690496
4.053400000,,,,,40.561511550040,,,,,3.945491549104
4.053450000,,,,,40.453567531918,,,,,3.945689436536
4.053500000,,,,,40.445365932308,,,,,3.945842024436
4.053550000,,,,,40.441026713909,,,,,3.946783777880
4.053600000,,,,,40.455129173704,,,,,3.947375055991
4.053650000,,,,,40.484204321158,,,,,3.948190447580
4.053700000,,,,,40.465714959247,,,,,3.949349161944
4.053750000,,,,,40.498461753038,,,,,3.950324293990
4.053800000,,,,,40.475692777377,,,,,3.951313731153
4.053850000,,,,,40.498807459999,,,,,3.952298399943
4.053900000,,,,,40.461161164115,,,,,3.953297373849
4.053950000,,,,,40.488185911667,,,,,3.953948256609
4.054000000,,,,,40.458347824713,,,,,3.954563376579
4.054050000,,,,,40.551414522613,,,,,3.954887625866
4.054100000,,,,,40.530684025924,,,,,3.956318137426
4.054150000,,,,,40.567793879974,,,,,3.956678149502
4.054200000,,,,,40.532174142133,,,,,3.956444499281
4.054250000,,,,,40.554287466662,,,,,3.956949946699
4.054300000,,,,,40.567221675350,,,,,3.957228896453
4.054350000,,,,,40.476551084313,,,,,3.957069155995
4.054400000,,,,,40.470006493926,,,,,3.957243201568
4.054450000,,,,,40.453472164480,,,,,3.957181212734
4.054500000,,,,,40.467753438220,,,,,3.956985709488
4.054550000,,,,,40.526106388933,,,,,3.956601855552
4.054600000,,,,,40.564265284792,,,,,3.955793616521
4.054650000,,,,,40.522470505385,,,,,3.955340621194
4.054700000,,,,,40.457251099184,,,,,3.955033061208
4.054750000,,,,,40.496161013613,,,,,3.954794642615
4.054800000,,,,,40.519239933445,,,,,3.954260584966
4.054850000,,,,,40.477826623787,,,,,3.954050776604
4.054900000,,,,,40.479435949292,,,,,3.953480956166
4.054950000,,,,,40.465548066231,,,,,3.953361746869
4.055000000,,,,,40.483858614198,,,,,3.953247305944
4.055050000,,,,,40.482308893341,,,,,3.952574965511
4.055100000,,,,,40.484406976963,,,,,3.952484366446
4.055150000,,,,,40.481879739873,,,,,3.951962229726
4.055200000,,,,,40.471675424080,,,,,3.951974150656
4.055250000,,,,,40.524544747147,,,,,3.951544997188
4.055300000,,,,,40.517821342815,,,,,3.951399561846
4.055350000,,,,,40.552833113243,,,,,3.951425787891
4.055400000,,,,,40.524830849459,,,,,3.951664206485
4.055450000,,,,,40.540804895211,,,,,3.951537844630
4.055500000,,,,,40.552296671408,,,,,3.951864478103
4.055550000,,,,,40.489556818578,,,,,3.951933619495
4.055600000,,,,,40.510442287352,,,,,3.952231642737
4.055650000,,,,,40.541198285890,,,,,3.952434298541
4.055700000,,,,,40.514090091830,,,,,3.953204390598
4.055750000,,,,,40.515270263867,,,,,3.953230616643
4.055800000,,,,,40.566601787007,,,,,3.953366515241
4.055850000,,,,,40.522041351917,,,,,3.953302142221
4.055900000,,,,,40.446069267158,,,,,3.953714606387
4.055950000,,,,,40.506472617774,,,,,3.953967330096
4.056000000,,,,,40.567197833490,,,,,3.954332110544
4.056050000,,,,,40.520896942669,,,,,3.954143759855
4.056100000,,,,,40.533151658365,,,,,3.955078360741
4.056150000,,,,,40.493657618383,,,,,3.955364463053
4.056200000,,,,,40.525712998254,,,,,3.955307242591
4.056250000,,,,,40.476515321524,,,,,3.955903289074
4.056300000,,,,,40.450599220431,,,,,3.956361052773
4.056350000,,,,,40.517451793996,,,,,3.956837889960
4.056400000,,,,,40.543832811346,,,,,3.956966636000
4.056450000,,,,,40.549972090123,,,,,3.957364795051
4.056500000,,,,,40.495028525295,,,,,3.957541224810
4.056550000,,,,,40.519323379953,,,,,3.957181212734
4.056600000,,,,,40.507843524685,,,,,3.956756827638
4.056650000,,,,,40.509488612979,,,,,3.955905673260
4.056700000,,,,,40.448012378693,,,,,3.954901930982
4.056750000,,,,,40.509297878104,,,,,3.953941104051
4.056800000,,,,,40.453293350535,,,,,3.952858683637
4.056850000,,,,,40.481700925928,,,,,3.951699969274
4.056900000,,,,,40.526309044737,,,,,3.950445887473
4.056950000,,,,,40.459706810695,,,,,3.948793646621
4.057000000,,,,,40.489103823251,,,,,3.947534796449
4.057050000,,,,,40.442421462680,,,,,3.946130510934
4.057100000,,,,,40.455343750438,,,,,3.944921728666
4.057150000,,,,,40.443494346350,,,,,3.943734404071
4.057200000,,,,,40.457358387551,,,,,3.942985769688
4.057250000,,,,,40.451290634351,,,,,3.941717382772
4.057300000,,,,,40.540959867296,,,,,3.940789934444
4.057350000,,,,,40.538742574378,,,,,3.939512010784
4.057400000,,,,,40.425076510017,,,,,3.938634630360
4.057450000,,,,,40.431585337614,,,,,3.937859769932
4.057500000,,,,,40.474000005364,,,,,3.936977621137
4.057550000,,,,,40.535357030353,,,,,3.936183687221
4.057600000,,,,,40.511097938484,,,,,3.935156103084
4.057650000,,,,,40.509190589737,,,,,3.934459920791
4.057700000,,,,,40.521779091464,,,,,3.933789964544
4.057750000,,,,,40.464737443014,,,,,3.932700391573
4.057800000,,,,,40.473308591444,,,,,3.931534524651
4.057850000,,,,,40.567293200928,,,,,3.930933709796
4.057900000,,,,,40.489032297673,,,,,3.930273290293
4.057950000,,,,,40.548481973915,,,,,3.929503198236
4.058000000,,,,,40.469970731137,,,,,3.928942914542
4.058050000,,,,,40.479638605096,,,,,3.928346868059
4.058100000,,,,,40.479137926050,,,,,3.927424188103
4.058150000,,,,,40.449395206535,,,,,3.926410909081
4.058200000,,,,,40.498044520500,,,,,3.925142522165
4.058250000,,,,,40.479793577182,,,,,3.923590417122
4.058300000,,,,,40.461006192029,,,,,3.922229046954
4.058350000,,,,,40.600552594695,,,,,3.920662636796
4.058400000,,,,,40.525069268052,,,,,3.919315571744
4.058450000,,,,,40.429773356305,,,,,3.917293782073
4.058500000,,,,,40.453984764456,,,,,3.914880985909
4.058550000,,,,,40.472199944985,,,,,3.912961716232
4.058600000,,,,,40.477719335420,,,,,3.910832638194
4.058650000,,,,,40.490343599936,,,,,3.908562893186
4.058700000,,,,,40.477767019139,,,,,3.906533950957
4.058750000,,,,,40.479221372558,,,,,3.904247516647
4.058800000,,,,,40.487482576816,,,,,3.902156585583
4.058850000,,,,,40.489461451141,,,,,3.899972671269
4.058900000,,,,,40.406968617855,,,,,3.898065322522
4.058950000,,,,,40.461399582708,,,,,3.895797961700
4.059000000,,,,,40.454843071392,,,,,3.893404239023
4.059050000,,,,,40.523185761165,,,,,3.891234629824
4.059100000,,,,,40.450730350657,,,,,3.888573878322
4.059150000,,,,,40.449705150706,,,,,3.886573546325
4.059200000,,,,,40.449442890253,,,,,3.884244196668
4.059250000,,,,,40.529456170169,,,,,3.882227175368
4.059300000,,,,,40.510072738533,,,,,3.880000345707
4.059350000,,,,,40.491106539435,,,,,3.877847425809
4.059400000,,,,,40.512838394215,,,,,3.875673048238
4.059450000,,,,,40.541484388201,,,,,3.873605959034
4.059500000,,,,,40.570619140304,,,,,3.871357671699
4.059550000,,,,,40.551903280729,,,,,3.869481317370
4.059600000,,,,,40.544095071798,,,,,3.867528669091
4.059650000,,,,,40.544035467150,,,,,3.865938417073
4.059700000,,,,,40.605404413069,,,,,3.864071599488
4.059750000,,,,,40.559508833856,,,,,3.862600556767
4.059800000,,,,,40.623893774980,,,,,3.860862485222
4.059850000,,,,,40.575029884281,,,,,3.859653702954
4.059900000,,,,,40.620055235628,,,,,3.858301869530
4.059950000,,,,,40.613105333633,,,,,3.857257596091
4.060000000,,,,,40.546920332129,,,,,3.856387368225
4.060050000,,,,,40.607407129252,,,,,3.855552903149
4.060100000,,,,,40.569450889197,,,,,3.854978314339
4.060150000,,,,,40.543069871847,,,,,3.854534855755
4.060200000,,,,,40.587117706961,,,,,3.854398957157
4.060250000,,,,,40.596118008859,,,,,3.854196301353
4.060300000,,,,,40.621318854172,,,,,3.854165306936
4.060350000,,,,,40.603938138720,,,,,3.854489556223
4.060400000,,,,,40.615990198612,,,,,3.854489556223
4.060450000,,,,,40.614738500997,,,,,3.854422799016
4.060500000,,,,,40.594782864736,,,,,3.854785195278
4.060550000,,,,,40.598287618058,,,,,3.854730359002
4.060600000,,,,,40.561451945391,,,,,3.854911557133
4.060650000,,,,,40.634026565196,,,,,3.854801884580
4.060700000,,,,,40.669848958841,,,,,3.854382267856
4.060750000,,,,,40.592827832271,,,,,3.854747048303
4.060800000,,,,,40.634479560523,,,,,3.854530087383
4.060850000,,,,,40.599026715697,,,,,3.854420414830
4.060900000,,,,,40.654399433994,,,,,3.854148617634
4.060950000,,,,,40.714051766041,,,,,3.853805294860
4.061000000,,,,,40.697743934258,,,,,3.853419056739
4.061050000,,,,,40.705409092033,,,,,3.853135338613
4.061100000,,,,,40.722801728416,,,,,3.852768173979
4.061150000,,,,,40.677907507295,,,,,3.852060070757
4.061200000,,,,,40.717830700745,,,,,3.851692906123
4.061250000,,,,,40.691843074074,,,,,3.851068249408
4.061300000,,,,,40.632512607128,,,,,3.850558033619
4.061350000,,,,,40.681281130390,,,,,3.850147953638
4.061400000,,,,,40.620710886759,,,,,3.849749794587
4.061450000,,,,,40.663828889360,,,,,3.849518528552
4.061500000,,,,,40.615286863761,,,,,3.849051228109
4.061550000,,,,,40.658810177971,,,,,3.848805656958
4.061600000,,,,,40.583601032710,,,,,3.848660221616
4.061650000,,,,,40.595390832149,,,,,3.848409882093
4.061700000,,,,,40.619280375199,,,,,3.848335972329
4.061750000,,,,,40.647592583155,,,,,3.848202457917
4.061800000,,,,,40.616776979970,,,,,3.848016491414
4.061850000,,,,,40.646638908782,,,,,3.848026028158
4.061900000,,,,,40.624823607494,,,,,3.847956886766
4.061950000,,,,,40.604009664298,,,,,3.848202457917
4.062000000,,,,,40.596690213483,,,,,3.848166695128
4.062050000,,,,,40.603067910854,,,,,3.848409882093
4.062100000,,,,,40.572836433222,,,,,3.848765125797
4.062150000,,,,,40.573802028525,,,,,3.849303951818
4.062200000,,,,,40.589811837066,,,,,3.850045433643
4.062250000,,,,,40.575029884281,,,,,3.850646248498
4.062300000,,,,,40.693500083297,,,,,3.851466408459
4.062350000,,,,,40.702118915446,,,,,3.852246037259
4.062400000,,,,,40.650501289994,,,,,3.853085270708
4.062450000,,,,,40.605177915405,,,,,3.854079476242
4.062500000,,,,,40.589060818497,,,,,3.855293026882
4.062550000,,,,,40.593280827599,,,,,3.856480351477
4.062600000,,,,,40.574708019180,,,,,3.857846490016
4.062650000,,,,,40.633037128033,,,,,3.859091035073
4.062700000,,,,,40.661861935965,,,,,3.860450021055
4.062750000,,,,,40.597143208810,,,,,3.862049809816
4.062800000,,,,,40.624620951690,,,,,3.863277665572
4.062850000,,,,,40.713801426518,,,,,3.864827386429
4.062900000,,,,,40.675320665557,,,,,3.866267434732
4.062950000,,,,,40.668120424039,,,,,3.867640725830
4.063000000,,,,,40.587964092968,,,,,3.869235746219
4.063050000,,,,,40.623989142417,,,,,3.870566121970
4.063100000,,,,,40.621998347163,,,,,3.871894113534
4.063150000,,,,,40.663661996344,,,,,3.872871629767
4.063200000,,,,,40.649809876073,,,,,3.873682252984
4.063250000,,,,,40.623989142417,,,,,3.874485723644
4.063300000,,,,,40.685298483688,,,,,3.875024549665
4.063350000,,,,,40.652813950349,,,,,3.875458471504
4.063400000,,,,,40.633132495471,,,,,3.876025907756
4.063450000,,,,,40.647974052904,,,,,3.876381151460
4.063500000,,,,,40.638592281258,,,,,3.876445524481
4.063550000,,,,,40.626969374834,,,,,3.876180879842
4.063600000,,,,,40.662314931292,,,,,3.875835172882
4.063650000,,,,,40.659716168625,,,,,3.875084154313
4.063700000,,,,,40.659859219781,,,,,3.874676458518
4.063750000,,,,,40.645744839057,,,,,3.873944513437
4.063800000,,,,,40.638484992891,,,,,3.873570196245
4.063850000,,,,,40.614798105645,,,,,3.872478239088
4.063900000,,,,,40.633502044290,,,,,3.872194520962
4.063950000,,,,,40.635898151153,,,,,3.871784440981
4.064000000,,,,,40.634431876804,,,,,3.870964281020
4.064050000,,,,,40.656974354802,,,,,3.870690099638
4.064100000,,,,,40.601089036530,,,,,3.870351545236
4.064150000,,,,,40.632274188535,,,,,3.869824640144
4.064200000,,,,,40.598061120395,,,,,3.869736425265
4.064250000,,,,,40.606393850231,,,,,3.869366876445
4.064300000,,,,,40.619483031004,,,,,3.869061700646
4.064350000,,,,,40.649952927229,,,,,3.868327371378
4.064400000,,,,,40.678324739833,,,,,3.868088952785
4.064450000,,,,,40.657808819879,,,,,3.867843381634
4.064500000,,,,,40.647294559914,,,,,3.867213956548
4.064550000,,,,,40.657272378044,,,,,3.866522542627
4.064600000,,,,,40.692653697291,,,,,3.865902654284
4.064650000,,,,,40.692212622894,,,,,3.864825002243
4.064700000,,,,,40.690650981107,,,,,3.863582841371
4.064750000,,,,,40.685465376703,,,,,3.862049809816
4.064800000,,,,,40.655388871157,,,,,3.860500088960
4.064850000,,,,,40.660371819757,,,,,3.858700028580
4.064900000,,,,,40.634813346554,,,,,3.856766453789
4.064950000,,,,,40.722467942385,,,,,3.854861489228
4.065000000,,,,,40.699389022552,,,,,3.852794400024
4.065050000,,,,,40.709390682542,,,,,3.850708237333
4.065100000,,,,,40.699579757427,,,,,3.848521938832
4.065150000,,,,,40.757992312789,,,,,3.846056690577
4.065200000,,,,,40.692629855432,,,,,3.843915691609
4.065250000,,,,,40.678908865387,,,,,3.841305008012
4.065300000,,,,,40.679338018855,,,,,3.838892211848
4.065350000,,,,,40.739049955550,,,,,3.836221923603
4.065400000,,,,,40.728309197921,,,,,3.833577861403
4.065450000,,,,,40.729417844380,,,,,3.830962409434
4.065500000,,,,,40.744235559954,,,,,3.828625907220
4.065550000,,,,,40.726163430581,,,,,3.825953234789
4.065600000,,,,,40.755429312910,,,,,3.823893298143
4.065650000,,,,,40.749218508555,,,,,3.821034659209
4.065700000,,,,,40.772333191176,,,,,3.818750609085
4.065750000,,,,,40.736415430094,,,,,3.816697824997
4.065800000,,,,,40.735175653409,,,,,3.814194429767
4.065850000,,,,,40.840973904191,,,,,3.812067735914
4.065900000,,,,,40.775468395678,,,,,3.810165155540
4.065950000,,,,,40.739932104345,,,,,3.808112371451
4.066000000,,,,,40.782954739508,,,,,3.805916536207
4.066050000,,,,,40.822532225998,,,,,3.803823220958
4.066100000,,,,,40.799799013126,,,,,3.801903951282
4.066150000,,,,,40.809574175452,,,,,3.799746263012
4.066200000,,,,,40.818574477349,,,,,3.797376382195
4.066250000,,,,,40.799608278251,,,,,3.796777951525
4.066300000,,,,,40.756287619846,,,,,3.795323598106
4.066350000,,,,,40.785327004512,,,,,3.793533074470
4.066400000,,,,,40.853228619887,,,,,3.791115509934
4.066450000,,,,,40.776732014223,,,,,3.789649235585
4.066500000,,,,,40.828516532690,,,,,3.789236771419
4.066550000,,,,,40.833380271994,,,,,3.787946926829
4.066600000,,,,,40.774681614320,,,,,3.787636982658
4.066650000,,,,,40.774693535250,,,,,3.787787186372
4.066700000,,,,,40.781452702370,,,,,3.787555920336
4.066750000,,,,,40.849092057293,,,,,3.787801491487
4.066800000,,,,,40.826752235100,,,,,3.787851559392
4.066850000,,,,,40.811576891635,,,,,3.787729965909
4.066900000,,,,,40.789654301980,,,,,3.788285481232
4.066950000,,,,,40.842356732032,,,,,3.788683640282
4.067000000,,,,,40.821149398157,,,,,3.789344059786
4.067050000,,,,,40.767386005365,,,,,3.789556252334
4.067100000,,,,,40.833642532447,,,,,3.789916264410
4.067150000,,,,,40.822579909717,,,,,3.790018784405
4.067200000,,,,,40.781583832597,,,,,3.790292965787
4.067250000,,,,,40.832521965058,,,,,3.790309655089
4.067300000,,,,,40.811016607941,,,,,3.790257202998
4.067350000,,,,,40.739717527611,,,,,3.790281044858
4.067400000,,,,,40.780904339606,,,,,3.790254818812
4.067450000,,,,,40.787806557882,,,,,3.789880501621
4.067500000,,,,,40.823652793387,,,,,3.789787518369
4.067550000,,,,,40.778842018774,,,,,3.789537178846
4.067600000,,,,,40.722682519119,,,,,3.789248692349
4.067650000,,,,,40.761747405633,,,,,3.788695561212
4.067700000,,,,,40.742888494902,,,,,3.788490521222
4.067750000,,,,,40.780773209380,,,,,3.787939774271
4.067800000,,,,,40.756871745400,,,,,3.787620293356
4.067850000,,,,,40.794410752917,,,,,3.786597477591
4.067900000,,,,,40.820648719111,,,,,3.785917984600
4.067950000,,,,,40.804388571047,,,,,3.785126434870
4.068000000,,,,,40.815439272847,,,,,3.784191833984
4.068050000,,,,,40.813865710131,,,,,3.783374058209
4.068100000,,,,,40.844132950552,,,,,3.782360779188
4.068150000,,,,,40.809681463819,,,,,3.781635986664
4.068200000,,,,,40.791657018164,,,,,3.781049476925
4.068250000,,,,,40.808572817360,,,,,3.780760990427
4.068300000,,,,,40.770282791274,,,,,3.780753837869
4.068350000,,,,,40.756061122183,,,,,3.780815826703
4.068400000,,,,,40.802671957175,,,,,3.780842052748
4.068450000,,,,,40.733447118607,,,,,3.780989872276
4.068500000,,,,,40.738763853238,,,,,3.781588302945
4.068550000,,,,,40.805926370974,,,,,3.781676517825
4.068600000,,,,,40.835955192802,,,,,3.782022224785
4.068650000,,,,,40.757360503516,,,,,3.782546745691
4.068700000,,,,,40.779485748976,,,,,3.783180939149
4.068750000,,,,,40.730514569909,,,,,3.783753143773
4.068800000,,,,,40.783836888304,,,,,3.784210907472
4.068850000,,,,,40.812470961360,,,,,3.784742580935
4.068900000,,,,,40.771498726100,,,,,3.785474526016
4.068950000,,,,,40.749039694610,,,,,3.786282765048
4.069000000,,,,,40.723528905125,,,,,3.787095772451
4.069050000,,,,,40.686562102232,,,,,3.788061367754
4.069100000,,,,,40.717377705418,,,,,3.789153324911
4.069150000,,,,,40.740850015929,,,,,3.779540287229
4.069200000,,,,,40.193500530332,,,,,1.824193109524
4.069250000,,,,,39.098801559138,,,,,-1.148047515634
4.069300000,,,,,39.327325780828,,,,,-1.262741164132
4.069350000,,,,,39.529159040997,,,,,-1.271197871637
4.069400000,,,,,39.565911267156,,,,,-1.269199923825
4.069450000,,,,,39.487292736011,,,,,-1.269116477318
4.069500000,,,,,39.392402135873,,,,,-1.268794612217
4.069550000,,,,,39.331605394578,,,,,-1.268031672718
4.069600000,,,,,39.277341322740,,,,,-1.267335490426
4.069650000,,,,,39.091720526917,,,,,-1.266737059756
4.069700000,,,,,38.969519076915,,,,,-1.265916899795
4.069750000,,,,,38.859703472835,,,,,-1.265080050533
4.069800000,,,,,38.671913067813,,,,,-1.264410094286
4.069850000,,,,,38.543310078580,,,,,-1.263549403164
4.069900000,,,,,38.382544421109,,,,,-1.262655333439
4.069950000,,,,,38.219597233510,,,,,-1.261947230217
4.070000000,,,,,38.066329840799,,,,,-1.261050776306
4.070050000,,,,,37.891092174714,,,,,-1.260488108426
4.070100000,,,,,37.737288340168,,,,,-1.259694174510
4.070150000,,,,,37.603642797687,,,,,-1.258809641529
4.070200000,,,,,37.381162487338,,,,,-1.258032396915
4.070250000,,,,,37.176241706386,,,,,-1.257278994160
4.070300000,,,,,36.993374645315,,,,,-1.256649569073
4.070350000,,,,,36.887874417774,,,,,-1.255803183067
4.070400000,,,,,36.740400596881,,,,,-1.255126074262
4.070450000,,,,,36.601569449995,,,,,-1.254360750577
4.070500000,,,,,36.446478155045,,,,,-1.253521517129
4.070550000,,,,,36.260022894145,,,,,-1.252789572048
4.070600000,,,,,36.125924356337,,,,,-1.252183988821
4.070650000,,,,,35.937883611791,,,,,-1.251552179548
4.070700000,,,,,35.728146775254,,,,,-1.250658109823
4.070750000,,,,,35.554864141635,,,,,-1.249864175908
4.070800000,,,,,35.478594033634,,,,,-1.249160841057
4.070850000,,,,,35.337271412448,,,,,-1.248457506207
4.070900000,,,,,35.151519486399,,,,,-1.247658803919
4.070950000,,,,,34.944798645067,,,,,-1.246745660707
4.071000000,,,,,34.828426529671,,,,,-1.246068551902
4.071050000,,,,,34.606041586759,,,,,-1.245524957509
4.071100000,,,,,34.509064823929,,,,,-1.245031431021
4.071150000,,,,,34.380902909094,,,,,-1.244216039432
4.071200000,,,,,34.160997519553,,,,,-1.243374421798
4.071250000,,,,,34.043051841441,,,,,-1.242733075782
4.071300000,,,,,33.915879363768,,,,,-1.242086961394
4.071350000,,,,,33.746697529954,,,,,-1.241219117714
4.071400000,,,,,33.533050628486,,,,,-1.240637376346
4.071450000,,,,,33.411206806374,,,,,-1.239731385692
4.071500000,,,,,33.285166817019,,,,,-1.239225938274
4.071550000,,,,,33.113076276366,,,,,-1.238687112253
4.071600000,,,,,32.967044887963,,,,,-1.237895562523
4.071650000,,,,,32.817246485784,,,,,-1.237435414638
4.071700000,,,,,32.762374446534,,,,,-1.236684396069
4.071750000,,,,,32.613148248979,,,,,-1.235859467736
4.071800000,,,,,32.459749726042,,,,,-1.235368325434
4.071850000,,,,,32.407166505287,,,,,-1.234681679885
4.071900000,,,,,32.210626137890,,,,,-1.233856751553
4.071950000,,,,,32.046641829410,,,,,-1.233317925532
4.072000000,,,,,31.934191699874,,,,,-1.232700421375
4.072050000,,,,,31.708266240851,,,,,-1.231787278163
4.072100000,,,,,31.595649218300,,,,,-1.231298520046
4.072150000,,,,,31.423642124155,,,,,-1.230657174030
4.072200000,,,,,31.268431619908,,,,,-1.230020596386
4.072250000,,,,,31.154610583461,,,,,-1.229405476415
4.072300000,,,,,30.997588097905,,,,,-1.228938175973
4.072350000,,,,,30.897523814292,,,,,-1.228036953690
4.072400000,,,,,30.763961718319,,,,,-1.227428986277
4.072450000,,,,,30.592181121837,,,,,-1.226914002115
4.072500000,,,,,30.488540559324,,,,,-1.226317955632
4.072550000,,,,,30.337454696742,,,,,-1.225760056124
4.072600000,,,,,30.149008640588,,,,,-1.224980427324
4.072650000,,,,,30.039371850453,,,,,-1.224501205951
4.072700000,,,,,29.946376678132,,,,,-1.223740650638
4.072750000,,,,,29.739071711246,,,,,-1.222980095326
4.072800000,,,,,29.694296699422,,,,,-1.222593857205
4.072850000,,,,,29.556073519950,,,,,-1.221971584676
4.072900000,,,,,29.455496636361,,,,,-1.221292091685
4.072950000,,,,,29.291810351122,,,,,-1.220893932634
4.073000000,,,,,29.134263344661,,,,,-1.220169140111
4.073050000,,,,,29.008831322720,,,,,-1.219511104793
4.073100000,,,,,28.905154997418,,,,,-1.218845916918
4.073150000,,,,,28.767623231865,,,,,-1.218297554153
4.073200000,,,,,28.637959279892,,,,,-1.217670513253
4.073250000,,,,,28.502454072383,,,,,-1.217179370950
4.073300000,,,,,28.385605119801,,,,,-1.216576171909
4.073350000,,,,,28.232099308497,,,,,-1.216023040773
4.073400000,,,,,28.137053736273,,,,,-1.215336395224
4.073450000,,,,,27.998615980066,,,,,-1.214673591535
4.073500000,,,,,27.849497070879,,,,,-1.214211059464
4.073550000,,,,,27.736605866945,,,,,-1.213510108799
4.073600000,,,,,27.634944178757,,,,,-1.212980819522
4.073650000,,,,,27.504350394270,,,,,-1.212580276285
4.073700000,,,,,27.350141248115,,,,,-1.211953235385
4.073750000,,,,,27.212144566306,,,,,-1.211173606585
4.073800000,,,,,27.103723710997,,,,,-1.210634780564
4.073850000,,,,,26.979471861093,,,,,-1.210050655010
4.073900000,,,,,26.866914443190,,,,,-1.209368777834
4.073950000,,,,,26.775933907982,,,,,-1.208934855994
4.074000000,,,,,26.607956088063,,,,,-1.208250594631
4.074050000,,,,,26.498355060718,,,,,-1.207668853263
4.074100000,,,,,26.423992301464,,,,,-1.207053733292
4.074150000,,,,,26.243199482155,,,,,-1.206698489588
4.074200000,,,,,26.079680089931,,,,,-1.205973697065
4.074250000,,,,,25.994886517220,,,,,-1.205477786391
4.074300000,,,,,25.906695479554,,,,,-1.204760146425
4.074350000,,,,,25.737728222473,,,,,-1.204164099941
4.074400000,,,,,25.632859804205,,,,,-1.203718257172
4.074450000,,,,,25.538016887785,,,,,-1.203033995809
4.074500000,,,,,25.426699246567,,,,,-1.202330660959
4.074550000,,,,,25.278188304793,,,,,-1.202077937250
4.074600000,,,,,25.194646429696,,,,,-1.201553416345
4.074650000,,,,,25.099565094683,,,,,-1.201126647063
4.074700000,,,,,24.999476969211,,,,,-1.200292181986
4.074750000,,,,,24.824358512423,,,,,-1.199798655498
4.074800000,,,,,24.734081312065,,,,,-1.199193072271
4.074850000,,,,,24.595488583773,,,,,-1.198649477878
4.074900000,,,,,24.457229641511,,,,,-1.197974753259
4.074950000,,,,,24.385644458869,,,,,-1.197280955153
4.075000000,,,,,24.273027436318,,,,,-1.196835112383
4.075050000,,,,,24.122299201626,,,,,-1.196494173795
4.075100000,,,,,23.985446929064,,,,,-1.195671629648
4.075150000,,,,,23.870362274072,,,,,-1.195125651069
4.075200000,,,,,23.789288031416,,,,,-1.194651198068
4.075250000,,,,,23.635496117800,,,,,-1.194386553430
4.075300000,,,,,23.558272335426,,,,,-1.193685602765
4.075350000,,,,,23.379470311372,,,,,-1.192948889312
4.075400000,,,,,23.305286366063,,,,,-1.192510199100
4.075450000,,,,,23.166336009880,,,,,-1.191940378662
4.075500000,,,,,23.120464272527,,,,,-1.191358637295
4.075550000,,,,,23.000039041045,,,,,-1.190836500575
4.075600000,,,,,22.871245316937,,,,,-1.190300058740
4.075650000,,,,,22.792829441597,,,,,-1.189491819709
4.075700000,,,,,22.698964041410,,,,,-1.189067434613
4.075750000,,,,,22.570730600997,,,,,-1.188638281145
4.075800000,,,,,22.531546505186,,,,,-1.188018392802
4.075850000,,,,,22.427834417095,,,,,-1.187601160264
4.075900000,,,,,22.256459132222,,,,,-1.187183927726
4.075950000,,,,,22.153843769660,,,,,-1.186423372413
4.076000000,,,,,22.007395148718,,,,,-1.186027597548
4.076050000,,,,,21.854580751334,,,,,-1.185565065477
4.076100000,,,,,21.833719124420,,,,,-1.184706758541
4.076150000,,,,,21.710230214013,,,,,-1.184196542752
4.076200000,,,,,21.532000394583,,,,,-1.183917592997
4.076250000,,,,,21.520413250948,,,,,-1.183331083258
4.076300000,,,,,21.398748242780,,,,,-1.182587217247
4.076350000,,,,,21.230734660073,,,,,-1.182305883307
4.076400000,,,,,21.172381709360,,,,,-1.181609701014
4.076450000,,,,,21.136821576167,,,,,-1.181085180109
4.076500000,,,,,21.006954968390,,,,,-1.180744241520
4.076550000,,,,,20.830715944214,,,,,-1.180355619213
4.076600000,,,,,20.731557651255,,,,,-1.179616521574
4.076650000,,,,,20.697320741255,,,,,-1.178922723468
4.076700000,,,,,20.620144642600,,,,,-1.178472112326
4.076750000,,,,,20.483328132828,,,,,-1.177918981190
4.076800000,,,,,20.364905617529,,,,,-1.177525590511
4.076850000,,,,,20.280517356427,,,,,-1.176908086354
4.076900000,,,,,20.227433456626,,,,,-1.176266740338
4.076950000,,,,,20.156515846045,,,,,-1.175806592453
4.077000000,,,,,19.964123962171,,,,,-1.175203393412
4.077050000,,,,,19.873036138596,,,,,-1.174876759939
4.077100000,,,,,19.770790324854,,,,,-1.174321244617
4.077150000,,,,,19.658614376701,,,,,-1.173732350691
4.077200000,,,,,19.554711553735,,,,,-1.173455785123
4.077250000,,,,,19.501317709763,,,,,-1.173102925605
4.077300000,,,,,19.376100264555,,,,,-1.172363827965
4.077350000,,,,,19.309366900287,,,,,-1.171715329392
4.077400000,,,,,19.221068574254,,,,,-1.171262334064
4.077450000,,,,,19.094730561658,,,,,-1.170990536868
4.077500000,,,,,18.991054236356,,,,,-1.170406411314
4.077550000,,,,,18.940187629472,,,,,-1.169707844836
4.077600000,,,,,18.846763303683,,,,,-1.169140408584
4.077650000,,,,,18.737388774001,,,,,-1.168809006739
4.077700000,,,,,18.616975463448,,,,,-1.168363163970
4.077750000,,,,,18.495870738975,,,,,-1.167695591908
4.077800000,,,,,18.419684077482,,,,,-1.167380879365
4.077850000,,,,,18.324245114580,,,,,-1.166963646827
4.077900000,,,,,18.237281932669,,,,,-1.166198323142
4.077950000,,,,,18.157483229487,,,,,-1.165840695252
4.078000000,,,,,17.961813089956,,,,,-1.165404389227
4.078050000,,,,,17.919267291979,,,,,-1.164817879487
4.078100000,,,,,17.902005785823,,,,,-1.164293358582
4.078150000,,,,,17.785037623944,,,,,-1.163845131626
4.078200000,,,,,17.718101603872,,,,,-1.163208553982
4.078250000,,,,,17.612601376331,,,,,-1.162900993997
4.078300000,,,,,17.556477639465,,,,,-1.162440846112
4.078350000,,,,,17.444242086663,,,,,-1.162021229388
4.078400000,,,,,17.341960510132,,,,,-1.161570618246
4.078450000,,,,,17.252827719022,,,,,-1.160862515024
4.078500000,,,,,17.169321606715,,,,,-1.160311768074
4.078550000,,,,,17.081535880657,,,,,-1.160168716918
4.078600000,,,,,16.982234536543,,,,,-1.159467766253
4.078650000,,,,,16.995240270808,,,,,-1.158864567212
4.078700000,,,,,16.898823791672,,,,,-1.158557007227
4.078750000,,,,,16.748715445323,,,,,-1.158144543060
4.078800000,,,,,16.687322657545,,,,,-1.157577106808
4.078850000,,,,,16.643072166626,,,,,-1.157176563571
4.078900000,,,,,16.495204955054,,,,,-1.156752178475
4.078950000,,,,,16.418481851726,,,,,-1.156244346872
4.079000000,,,,,16.401804471123,,,,,-1.155605385042
4.079050000,,,,,16.299022215547,,,,,-1.155018875302
4.079100000,,,,,16.224111093528,,,,,-1.154623100437
4.079150000,,,,,16.095067029897,,,,,-1.154258319989
4.079200000,,,,,16.042233469619,,,,,-1.153860160939
4.079250000,,,,,16.004789829540,,,,,-1.153431007471
4.079300000,,,,,15.893054955784,,,,,-1.153044769349
4.079350000,,,,,15.848339548608,,,,,-1.152484485655
4.079400000,,,,,15.754700646085,,,,,-1.151762077317
4.079450000,,,,,15.652895906740,,,,,-1.151280471759
4.079500000,,,,,15.656972864686,,,,,-1.150944301542
4.079550000,,,,,15.544630023517,,,,,-1.150364944361
4.079600000,,,,,15.465224711014,,,,,-1.149995395541
4.079650000,,,,,15.406645262637,,,,,-1.149423190917
4.079700000,,,,,15.319360215626,,,,,-1.149001190007
4.079750000,,,,,15.217174006532,,,,,-1.148696014207
4.079800000,,,,,15.081489985078,,,,,-1.148405143524
4.079850000,,,,,15.062523785980,,,,,-1.147639819839
4.079900000,,,,,15.006853044442,,,,,-1.147298881251
4.079950000,,,,,14.935339387377,,,,,-1.146814891506
4.080000000,,,,,14.842487266212,,,,,-1.146287986415
4.080050000,,,,,14.722777290510,,,,,-1.145834991088
4.080100000,,,,,14.657271781997,,,,,-1.145463058082
4.080150000,,,,,14.578390990400,,,,,-1.145110198564
4.080200000,,,,,14.538765820191,,,,,-1.144483157664
4.080250000,,,,,14.415717984183,,,,,-1.144039699080
4.080300000,,,,,14.344216248048,,,,,-1.143417426551
4.080350000,,,,,14.332068820719,,,,,-1.143021651687
4.080400000,,,,,14.335811992634,,,,,-1.142308780093
4.080450000,,,,,14.157760987148,,,,,-1.142003604293
4.080500000,,,,,14.099658375958,,,,,-1.141376563393
4.080550000,,,,,14.043999555349,,,,,-1.140942641553
4.080600000,,,,,13.982380269908,,,,,-1.140320369024
4.080650000,,,,,13.921905393714,,,,,-1.140043803456
4.080700000,,,,,13.822568286810,,,,,-1.139478751390
4.080750000,,,,,13.686061721209,,,,,-1.138937541183
4.080800000,,,,,13.702298027414,,,,,-1.138353415629
4.080850000,,,,,13.630760528491,,,,,-1.137874194257
4.080900000,,,,,13.550949904379,,,,,-1.137442656603
4.080950000,,,,,13.422120417483,,,,,-1.136791773843
4.081000000,,,,,13.369215331627,,,,,-1.136417456652
4.081050000,,,,,13.274992303550,,,,,-1.135916777606
4.081100000,,,,,13.259101704306,,,,,-1.135313578565
4.081150000,,,,,13.144124337681,,,,,-1.134810515333
4.081200000,,,,,13.079846684924,,,,,-1.134643622318
4.081250000,,,,,12.972737131878,,,,,-1.133809157241
4.081300000,,,,,12.920964534340,,,,,-1.133475371210
4.081350000,,,,,12.808132935055,,,,,-1.132786341476
4.081400000,,,,,12.698210042608,,,,,-1.132195063364
4.081450000,,,,,12.656582156216,,,,,-1.131703921062
4.081500000,,,,,12.604225433125,,,,,-1.131489344328
4.081550000,,,,,12.568462644128,,,,,-1.130757399247
4.081600000,,,,,12.455893305295,,,,,-1.130361624382
4.081650000,,,,,12.373674653392,,,,,-1.129791803944
4.081700000,,,,,12.328589697396,,,,,-1.129107542581
4.081750000,,,,,12.257862821690,,,,,-1.128706999344
4.081800000,,,,,12.204075587039,,,,,-1.128394670987
4.081850000,,,,,12.178028355719,,,,,-1.127781935202
4.081900000,,,,,12.080956225452,,,,,-1.127152510116
4.081950000,,,,,12.012935400780,,,,,-1.126637525954
4.082000000,,,,,11.966408012295,,,,,-1.126222677602
4.082050000,,,,,11.941266771630,,,,,-1.125745840415
4.082100000,,,,,11.804092633968,,,,,-1.124978132545
4.082150000,,,,,11.761677966218,,,,,-1.124622888841
4.082200000,,,,,11.729741795644,,,,,-1.124100752121
4.082250000,,,,,11.621368624054,,,,,-1.123495168894
4.082300000,,,,,11.564350817463,,,,,-1.123004026592
4.082350000,,,,,11.453653064588,,,,,-1.122391290807
4.082400000,,,,,11.427629675128,,,,,-1.122040815475
4.082450000,,,,,11.346090516215,,,,,-1.121513910384
4.082500000,,,,,11.284578519140,,,,,-1.120865411810
4.082550000,,,,,11.230457498458,,,,,-1.120379037880
4.082600000,,,,,11.131501861304,,,,,-1.119775838839
4.082650000,,,,,11.069739524707,,,,,-1.119153566310
4.082700000,,,,,11.079323952158,,,,,-1.118550367269
4.082750000,,,,,10.987187086772,,,,,-1.117961473343
4.082800000,,,,,10.900176221143,,,,,-1.117396421277
4.082850000,,,,,10.852170637379,,,,,-1.116917199905
4.082900000,,,,,10.707975072144,,,,,-1.116302079934
4.082950000,,,,,10.658264795438,,,,,-1.115808553446
4.083000000,,,,,10.630751289770,,,,,-1.115260190681
4.083050000,,,,,10.536540182623,,,,,-1.114411420489
4.083100000,,,,,10.513580472087,,,,,-1.113922662373
4.083150000,,,,,10.436940815266,,,,,-1.113343305191
4.083200000,,,,,10.332716127200,,,,,-1.112856931261
4.083250000,,,,,10.328555722747,,,,,-1.112196511757
4.083300000,,,,,10.202956807790,,,,,-1.111927098747
4.083350000,,,,,10.080373888038,,,,,-1.111450261560
4.083400000,,,,,10.077489023059,,,,,-1.110620564855
4.083450000,,,,,10.046005847812,,,,,-1.110231942548
4.083500000,,,,,9.950030443074,,,,,-1.109588212346
4.083550000,,,,,9.907055491630,,,,,-1.108968324004
4.083600000,,,,,9.903526896449,,,,,-1.108486718445
4.083650000,,,,,9.833682169538,,,,,-1.107974118470
4.083700000,,,,,9.700751882836,,,,,-1.107325619896
4.083750000,,,,,9.624899007374,,,,,-1.106569832955
4.083800000,,,,,9.616220570577,,,,,-1.105909413452
4.083850000,,,,,9.592235660090,,,,,-1.105756825552
4.083900000,,,,,9.522784323858,,,,,-1.104896134430
4.083950000,,,,,9.457314578135,,,,,-1.104295319575
4.084000000,,,,,9.433293904858,,,,,-1.103775567041
4.084050000,,,,,9.338260253564,,,,,-1.103489464729
4.084100000,,,,,9.272969321786,,,,,-1.102559632215
4.084150000,,,,,9.255815103997,,,,,-1.102294987577
4.084200000,,,,,9.205401492441,,,,,-1.101558274124
4.084250000,,,,,9.117317743142,,,,,-1.100788182067
4.084300000,,,,,9.147823402156,,,,,-1.099929875131
4.084350000,,,,,9.048224034800,,,,,-1.099636620261
4.084400000,,,,,8.917856747976,,,,,-1.099071568195
4.084450000,,,,,8.849406769836,,,,,-1.098272865908
4.084500000,,,,,8.819449473587,,,,,-1.097829407324
4.084550000,,,,,8.725071473424,,,,,-1.097259586886
4.084600000,,,,,8.666861573867,,,,,-1.096496647388
4.084650000,,,,,8.618915594752,,,,,-1.095862453929
4.084700000,,,,,8.533883603447,,,,,-1.095140045592
4.084750000,,,,,8.536267789380,,,,,-1.094534462365
4.084800000,,,,,8.471167592476,,,,,-1.094021862389
4.084850000,,,,,8.472955731926,,,,,-1.093423431720
4.084900000,,,,,8.371925853010,,,,,-1.092715328498
4.084950000,,,,,8.327472706286,,,,,-1.092131202944
4.085000000,,,,,8.239579691862,,,,,-1.091351574144
4.085050000,,,,,8.211839688530,,,,,-1.090800827193
4.085100000,,,,,8.138454445508,,,,,-1.090083187227
4.085150000,,,,,8.176494132071,,,,,-1.089785163986
4.085200000,,,,,8.114994055926,,,,,-1.088936393794
4.085250000,,,,,8.024955274162,,,,,-1.088407104516
4.085300000,,,,,8.008766651676,,,,,-1.087713306410
4.085350000,,,,,7.968044755938,,,,,-1.086993282258
4.085400000,,,,,7.947803017366,,,,,-1.086392467403
4.085450000,,,,,7.865310184080,,,,,-1.085801189292
4.085500000,,,,,7.821274269895,,,,,-1.084976260959
4.085550000,,,,,7.743859752647,,,,,-1.084370677732
4.085600000,,,,,7.648992994368,,,,,-1.083855693570
4.085650000,,,,,7.672262649075,,,,,-1.083285873132
4.085700000,,,,,7.598889326983,,,,,-1.082601611769
4.085750000,,,,,7.600534415277,,,,,-1.081810062039
4.085800000,,,,,7.436216320766,,,,,-1.081295077878
4.085850000,,,,,7.406759703562,,,,,-1.080575053726
4.085900000,,,,,7.318520982177,,,,,-1.079802577484
4.085950000,,,,,7.315433461394,,,,,-1.079003875196
4.086000000,,,,,7.253158524821,,,,,-1.078198020351
4.086050000,,,,,7.288194137108,,,,,-1.077764098511
4.086100000,,,,,7.253420785273,,,,,-1.076989238083
4.086150000,,,,,7.163525054665,,,,,-1.076228682770
4.086200000,,,,,7.074308817047,,,,,-1.075568263267
4.086250000,,,,,7.052910748298,,,,,-1.074864928416
4.086300000,,,,,7.023466052024,,,,,-1.074097220546
4.086350000,,,,,6.948519167216,,,,,-1.073489253133
4.086400000,,,,,6.898606234706,,,,,-1.072764460609
4.086450000,,,,,6.898630076565,,,,,-1.072108809478
4.086500000,,,,,6.883252077297,,,,,-1.071369711838
4.086550000,,,,,6.806123662360,,,,,-1.070418421651
4.086600000,,,,,6.689048212114,,,,,-1.069884364002
4.086650000,,,,,6.664169231902,,,,,-1.069083277528
4.086700000,,,,,6.610203183305,,,,,-1.068220202221
4.086750000,,,,,6.552839669754,,,,,-1.067285601335
4.086800000,,,,,6.518304736513,,,,,-1.066691939038
4.086850000,,,,,6.434703256768,,,,,-1.065719191177
4.086900000,,,,,6.435633089282,,,,,-1.064839426568
4.086950000,,,,,6.391811751831,,,,,-1.063852373591
4.087000000,,,,,6.366289041417,,,,,-1.063158575485
4.087050000,,,,,6.249380484186,,,,,-1.062336031338
4.087100000,,,,,6.178439031746,,,,,-1.061420503939
4.087150000,,,,,6.187808882464,,,,,-1.060619417466
4.087200000,,,,,6.236684694093,,,,,-1.059594217515
4.087250000,,,,,6.138074763899,,,,,-1.058762136624
4.087300000,,,,,6.071734790309,,,,,-1.058025423171
4.087350000,,,,,5.974316953082,,,,,-1.057078901355
4.087400000,,,,,5.976629613437,,,,,-1.056337419530
4.087450000,,,,,5.958283302682,,,,,-1.055288377719
4.087500000,,,,,5.941582080220,,,,,-1.054310861487
4.087550000,,,,,5.877328269322,,,,,-1.053657594541
4.087600000,,,,,5.834365238808,,,,,-1.052720609469
4.087650000,,,,,5.749547824237,,,,,-1.051743093237
4.087700000,,,,,5.712902886445,,,,,-1.050679746311
4.087750000,,,,,5.657768586741,,,,,-1.049933496114
4.087800000,,,,,5.631840564718,,,,,-1.048922601278
4.087850000,,,,,5.596244668737,,,,,-1.048038068297
4.087900000,,,,,5.573499534935,,,,,-1.047210755778
4.087950000,,,,,5.541181894611,,,,,-1.046011510254
4.088000000,,,,,5.431282844024,,,,,-1.045172276805
4.088050000,,,,,5.512798161077,,,,,-1.044137540110
4.088100000,,,,,5.403101766294,,,,,-1.043446126190
4.088150000,,,,,5.381036125483,,,,,-1.042327942987
4.088200000,,,,,5.264592484509,,,,,-1.041419568146
4.088250000,,,,,5.172968219100,,,,,-1.040294232386
4.088300000,,,,,5.217647863486,,,,,-1.039469304053
4.088350000,,,,,5.196285557525,,,,,-1.038279595273
4.088400000,,,,,5.129731007202,,,,,-1.037373604618
4.088450000,,,,,5.085099046534,,,,,-1.036212506068
4.088500000,,,,,5.086291139501,,,,,-1.035020413102
4.088550000,,,,,5.027652086476,,,,,-1.034059586171
4.088600000,,,,,4.970813093830,,,,,-1.032826962043
4.088650000,,,,,4.894471460251,,,,,-1.031968655108
4.088700000,,,,,4.919255073026,,,,,-1.030743183538
4.088750000,,,,,4.837096025771,,,,,-1.029410423601
4.088800000,,,,,4.789364623390,,,,,-1.028196872961
4.088850000,,,,,4.777574823950,,,,,-1.027281345563
4.088900000,,,,,4.677331726392,,,,,-1.025712551219
4.088950000,,,,,4.723465724198,,,,,-1.024918617303
4.089000000,,,,,4.623282231288,,,,,-1.023774208055
4.089050000,,,,,4.646384992980,,,,,-1.022436679747
4.089100000,,,,,4.619956291911,,,,,-1.021039546790
4.089150000,,,,,4.579413210119,,,,,-1.019768775688
4.089200000,,,,,4.577791963684,,,,,-1.018402637148
4.089250000,,,,,4.502082139378,,,,,-1.017236770227
4.089300000,,,,,4.425907398814,,,,,-1.015784800993
4.089350000,,,,,4.344725867792,,,,,-1.014418662454
4.089400000,,,,,4.305792111504,,,,,-1.013240874603
4.089450000,,,,,4.280078666215,,,,,-1.011648238400
4.089500000,,,,,4.261791960108,,,,,-1.010565817986
4.089550000,,,,,4.235029473008,,,,,-1.009101927823
4.089600000,,,,,4.151785621153,,,,,-1.007583201384
4.089650000,,,,,4.117810971606,,,,,-1.006085932618
4.089700000,,,,,4.140949496087,,,,,-1.004598200595
4.089750000,,,,,4.094696288985,,,,,-1.003437102046
4.089800000,,,,,4.024780036496,,,,,-1.001901686305
4.089850000,,,,,3.965592620706,,,,,-1.000313818473
4.089900000,,,,,3.903544181797,,,,,-0.998742639944
4.089950000,,,,,3.882682554882,,,,,-0.997347891173
4.090000000,,,,,3.893268340425,,,,,-0.995752870783
4.090050000,,,,,3.872502080947,,,,,-0.994403421545
4.090100000,,,,,3.807652223566,,,,,-0.992987215101
4.090150000,,,,,3.817653883556,,,,,-0.991463720290
4.090200000,,,,,3.738379701279,,,,,-0.990104734308
4.090250000,,,,,3.627276636796,,,,,-0.988712369723
4.090300000,,,,,3.654813984323,,,,,-0.986905156786
4.090350000,,,,,3.656947830734,,,,,-0.985453187552
4.090400000,,,,,3.580665801803,,,,,-0.983967839716
4.090450000,,,,,3.617906786079,,,,,-0.982580243503
4.090500000,,,,,3.600812172938,,,,,-0.980782567309
4.090550000,,,,,3.537547799203,,,,,-0.979182778548
4.090600000,,,,,3.455555644963,,,,,-0.977752266988
4.090650000,,,,,3.423166479061,,,,,-0.976178704272
4.090700000,,,,,3.404104912526,,,,,-0.974390564823
4.090750000,,,,,3.372693262857,,,,,-0.972812233735
4.090800000,,,,,3.372049532655,,,,,-0.971071778004
4.090850000,,,,,3.299951750037,,,,,-0.969228802277
4.090900000,,,,,3.282880978756,,,,,-0.967502651662
4.090950000,,,,,3.206646633544,,,,,-0.965907631273
4.091000000,,,,,3.210771275209,,,,,-0.964188633215
4.091050000,,,,,3.121411986435,,,,,-0.962278900282
4.091100000,,,,,3.128993697703,,,,,-0.960607585943
4.091150000,,,,,3.078293983835,,,,,-0.958526191624
4.091200000,,,,,3.092599099433,,,,,-0.956661758224
4.091250000,,,,,3.031921567435,,,,,-0.954859313658
4.091300000,,,,,2.983820616235,,,,,-0.953037795606
4.091350000,,,,,2.968847928575,,,,,-0.951073226397
4.091400000,,,,,2.887582951044,,,,,-0.949287471133
4.091450000,,,,,2.859103850073,,,,,-0.947184619140
4.091500000,,,,,2.851331403931,,,,,-0.945510920615
4.091550000,,,,,2.868628672876,,,,,-0.943555888149
4.091600000,,,,,2.804470229415,,,,,-0.941598471498
4.091650000,,,,,2.758121654875,,,,,-0.939517077179
4.091700000,,,,,2.757883236282,,,,,-0.937907751674
4.091750000,,,,,2.738833590676,,,,,-0.935797747123
4.091800000,,,,,2.703929108615,,,,,-0.933828409542
4.091850000,,,,,2.617192424368,,,,,-0.931806619871
4.091900000,,,,,2.600848829797,,,,,-0.929701383692
4.091950000,,,,,2.611076987450,,,,,-0.927803571689
4.092000000,,,,,2.595532095166,,,,,-0.925734098299
4.092050000,,,,,2.568817291785,,,,,-0.923709924442
4.092100000,,,,,2.529049070421,,,,,-0.921652371982
4.092150000,,,,,2.555120143600,,,,,-0.919659192542
4.092200000,,,,,2.475583700870,,,,,-0.917711312634
4.092250000,,,,,2.458918241198,,,,,-0.915536935063
4.092300000,,,,,2.393973016380,,,,,-0.913429314699
4.092350000,,,,,2.358389041328,,,,,-0.911257321313
4.092400000,,,,,2.398061895255,,,,,-0.908954197702
4.092450000,,,,,2.400493764907,,,,,-0.907051617327
4.092500000,,,,,2.349579474305,,,,,-0.904772335575
4.092550000,,,,,2.321458001224,,,,,-0.902502590567
4.092600000,,,,,2.267193929386,,,,,-0.900259071604
4.092650000,,,,,2.257835999598,,,,,-0.898211055887
4.092700000,,,,,2.211058271590,,,,,-0.895752960190
4.092750000,,,,,2.218723429365,,,,,-0.893616729594
4.092800000,,,,,2.230858935765,,,,,-0.891280227380
4.092850000,,,,,2.211523187847,,,,,-0.888941340979
4.092900000,,,,,2.162540087851,,,,,-0.886750274107
4.092950000,,,,,2.100300914067,,,,,-0.884270720736
4.093000000,,,,,2.097690230470,,,,,-0.881815009225
4.093050000,,,,,2.045905712003,,,,,-0.879387907945
4.093100000,,,,,2.058124664910,,,,,-0.876851134113
4.093150000,,,,,1.994311928410,,,,,-0.874340586325
4.093200000,,,,,1.933145638296,,,,,-0.871503405065
4.093250000,,,,,1.877796761858,,,,,-0.868985704719
4.093300000,,,,,1.849830260863,,,,,-0.866277269499
4.093350000,,,,,1.858484855800,,,,,-0.863654664973
4.093400000,,,,,1.874363534115,,,,,-0.860695890230
4.093450000,,,,,1.825392355048,,,,,-0.858097127563
4.093500000,,,,,1.761102781362,,,,,-0.855035832824
4.093550000,,,,,1.755511865348,,,,,-0.852205804122
4.093600000,,,,,1.722252471581,,,,,-0.849349549374
4.093650000,,,,,1.640522577794,,,,,-0.846245339289
4.093700000,,,,,1.656353572390,,,,,-0.842895558053
4.093750000,,,,,1.575708483202,,,,,-0.839831879129
4.093800000,,,,,1.585447882739,,,,,-0.836651375094
4.093850000,,,,,1.603567695830,,,,,-0.833172847818
4.093900000,,,,,1.497030347409,,,,,-0.830164005170
4.093950000,,,,,1.502180189024,,,,,-0.826697398823
4.094000000,,,,,1.527047248307,,,,,-0.823121119924
4.094050000,,,,,1.444089498764,,,,,-0.819780875431
4.094100000,,,,,1.439130392023,,,,,-0.816314269085
4.094150000,,,,,1.422715271873,,,,,-0.812759447858
4.094200000,,,,,1.361477456181,,,,,-0.809412050808
4.094250000,,,,,1.347220024301,,,,,-0.805923986788
4.094300000,,,,,1.317679960589,,,,,-0.802049684647
4.094350000,,,,,1.304113942630,,,,,-0.798564004812
4.094400000,,,,,1.242590024626,,,,,-0.795176076602
4.094450000,,,,,1.216626239814,,,,,-0.791173028420
4.094500000,,,,,1.202464175371,,,,,-0.787506150455
4.094550000,,,,,1.154530117186,,,,,-0.783512639017
4.094600000,,,,,1.095068520014,,,,,-0.779669331292
4.094650000,,,,,1.076841418555,,,,,-0.775606678462
4.094700000,,,,,1.173937390681,,,,,-0.771348522386
4.094750000,,,,,1.132154532203,,,,,-0.767192886304
4.094800000,,,,,1.058852735689,,,,,-0.762651012102
4.094850000,,,,,1.002383291863,,,,,-0.757968470929
4.094900000,,,,,1.015329421480,,,,,-0.753345534405
4.094950000,,,,,1.025629104711,,,,,-0.748100325352
4.095000000,,,,,0.978756009266,,,,,-0.742518946083
4.095050000,,,,,1.003277361588,,,,,-0.737023397507
4.095100000,,,,,0.991034566822,,,,,-0.730946107563
4.095150000,,,,,0.926566179190,,,,,-0.724487347870
4.095200000,,,,,0.928437765148,,,,,-0.717394394719
4.095250000,,,,,0.969684181791,,,,,-0.710032028558
4.095300000,,,,,0.986898004228,,,,,-0.701763671742
4.095350000,,,,,0.948202666533,,,,,-0.692822974492
4.095400000,,,,,0.847780755030,,,,,-0.682725947066
4.095450000,,,,,0.891029887857,,,,,-0.671403448069
4.095500000,,,,,0.870299391168,,,,,-0.658230820789
4.095550000,,,,,0.825643588641,,,,,-0.642931499656
4.095600000,,,,,0.788819836904,,,,,-0.624458827046
4.095650000,,,,,0.835907509083,,,,,-0.601980722069
4.095700000,,,,,0.816345263502,,,,,-0.574026142003
4.095750000,,,,,0.720548672709,,,,,-0.538711579961
4.095800000,,,,,0.696384948277,,,,,-0.494504004389
4.095850000,,,,,0.717198891473,,,,,-0.441286590176
4.095900000,,,,,0.708508533747,,,,,-0.380477927952
4.095950000,,,,,0.776600883997,,,,,-0.315406341279
4.096000000,,,,,0.742268606560,,,,,-0.249576583479
4.096050000,,,,,0.749337717851,,,,,-0.185053359571
4.096100000,,,,,0.743091150706,,,,,-0.123488910406
4.096150000,,,,,0.766217754258,,,,,-0.066525940092
4.096200000,,,,,0.724399132991,,,,,-0.015776158319
4.096250000,,,,,0.717628044941,,,,,0.028316976328
4.096300000,,,,,0.795757817969,,,,,0.065302852708
4.096350000,,,,,0.781571911667,,,,,0.094659334103
4.096400000,,,,,0.729870839707,,,,,0.116267211215
4.096450000,,,,,0.750601336396,,,,,0.130898960286
4.096500000,,,,,0.751984164237,,,,,0.137865551583
4.096550000,,,,,0.715863747350,,,,,0.135846146098
4.096600000,,,,,0.712037128928,,,,,0.125863559596
4.096650000,,,,,0.745880648248,,,,,0.108990675747
4.096700000,,,,,0.776433990981,,,,,0.084884171777
4.096750000,,,,,0.718152565846,,,,,0.057287219601
4.096800000,,,,,0.705552143189,,,,,0.028192998659
4.096850000,,,,,0.737237974241,,,,,-0.003883838885
4.096900000,,,,,0.700628799238,,,,,-0.038471224217
4.096950000,,,,,0.721085114544,,,,,-0.072963242111
4.097000000,,,,,0.717735333308,,,,,-0.106270319597
4.097050000,,,,,0.758647963920,,,,,-0.137341030678
4.097100000,,,,,0.732684179108,,,,,-0.165052423778
4.097150000,,,,,0.726866765432,,,,,-0.188674938004
4.097200000,,,,,0.715851826421,,,,,-0.207378876649
4.097250000,,,,,0.726831002643,,,,,-0.222535146626
4.097300000,,,,,0.683295767504,,,,,-0.233132853099
4.097350000,,,,,0.730514569909,,,,,-0.238406672383
4.097400000,,,,,0.743711039049,,,,,-0.240049376491
4.097450000,,,,,0.633442439642,,,,,-0.238368525408
4.097500000,,,,,0.679910223479,,,,,-0.232505812198
4.097550000,,,,,0.725436253872,,,,,-0.223844064703
4.097600000,,,,,0.734317346473,,,,,-0.213291657763
4.097650000,,,,,0.744152113447,,,,,-0.200483810930
4.097700000,,,,,0.763702438098,,,,,-0.186550628337
4.097750000,,,,,0.801706361872,,,,,-0.172138224372
4.097800000,,,,,0.797748613223,,,,,-0.157523164602
4.097850000,,,,,0.741744085654,,,,,-0.142874726228
4.097900000,,,,,0.770688102882,,,,,-0.129020221771
4.097950000,,,,,0.787794636953,,,,,-0.115273005681
4.098000000,,,,,0.796055841211,,,,,-0.102601057446
4.098050000,,,,,0.795686292391,,,,,-0.091035371484
4.098100000,,,,,0.740289732235,,,,,-0.082108979351
4.098150000,,,,,0.693035167041,,,,,-0.075340275487
4.098200000,,,,,0.674355070255,,,,,-0.072689060729
4.098250000,,,,,0.669646303037,,,,,-0.072610382593
4.098300000,,,,,0.688719790502,,,,,-0.075206761074
4.098350000,,,,,0.691139739224,,,,,-0.080649857560
4.098400000,,,,,0.715959114788,,,,,-0.088155274877
4.098450000,,,,,0.694704097194,,,,,-0.098061567429
4.098500000,,,,,0.661194363904,,,,,-0.111246115640
4.098550000,,,,,0.660264531390,,,,,-0.124819286157
4.098600000,,,,,0.713646454432,,,,,-0.139169701288
4.098650000,,,,,0.695455115763,,,,,-0.154075631742
4.098700000,,,,,0.637698211533,,,,,-0.169267664508
4.098750000,,,,,0.672805349398,,,,,-0.184421550299
4.098800000,,,,,0.735580965017,,,,,-0.198016178490
4.098850000,,,,,0.695061725084,,,,,-0.210161221633
4.098900000,,,,,0.715732617124,,,,,-0.221042646232
4.098950000,,,,,0.746524378450,,,,,-0.230479254155
4.099000000,,,,,0.721955342409,,,,,-0.239272131876
4.099050000,,,,,0.679695646745,,,,,-0.245847716680
4.099100000,,,,,0.641953983423,,,,,-0.251255050376
4.099150000,,,,,0.693643134453,,,,,-0.254950538573
4.099200000,,,,,0.749743029460,,,,,-0.257365718923
4.099250000,,,,,0.763833568325,,,,,-0.258393303060
4.099300000,,,,,0.757372424446,,,,,-0.257139221259
4.099350000,,,,,0.753116652555,,,,,-0.255181804608
4.099400000,,,,,0.746464773802,,,,,-0.252473369388
4.099450000,,,,,0.788176106702,,,,,-0.249147430011
4.099500000,,,,,0.720453305271,,,,,-0.244596019065
4.099550000,,,,,0.728511853725,,,,,-0.239756121621
4.099600000,,,,,0.752842471173,,,,,-0.233871950738
4.099650000,,,,,0.769126461096,,,,,-0.228250040308
4.099700000,,,,,0.763165996263,,,,,-0.222227586641
4.099750000,,,,,0.741541429850,,,,,-0.215246690228
4.099800000,,,,,0.724268002764,,,,,-0.207700741750
4.099850000,,,,,0.756931350048,,,,,-0.200090420252
4.099900000,,,,,0.776994274676,,,,,-0.192062866215
4.099950000,,,,,0.760650680104,,,,,-0.183401118720
4.100000000,,,,,0.800240087523,,,,,-0.174119482882
4.100050000,,,,,0.785327004512,,,,,-0.164740095421
4.100100000,,,,,0.767970130919,,,,,-0.155739793524
4.100150000,,,,,0.740551992688,,,,,-0.146281727927
4.100200000,,,,,0.762832210233,,,,,-0.135979660510
4.100250000,,,,,0.758993670880,,,,,-0.125904090756
4.100300000,,,,,0.754404112959,,,,,-0.115962035415
4.100350000,,,,,0.762653396288,,,,,-0.106194025647
4.100400000,,,,,0.779473828046,,,,,-0.096869474463
4.100450000,,,,,0.773394153916,,,,,-0.088362699053
4.100500000,,,,,0.753617331601,,,,,-0.081453328219
4.100550000,,,,,0.725555463168,,,,,-0.075807575930
4.100600000,,,,,0.752794787454,,,,,-0.071287159400
4.100650000,,,,,0.735425992931,,,,,-0.070297722238
4.100700000,,,,,0.755143210598,,,,,-0.069949631092
4.100750000,,,,,0.805282640772,,,,,-0.066056255463
4.100800000,,,,,0.792968320427,,,,,-0.066185001504
4.100850000,,,,,0.776350544474,,,,,-0.070304874796
